{"type": "FeatureCollection", "features": [{"id": "91af7188-bbdc-48cc-9be4-4861e34355b0", "type": "Feature", "geometry": {"type": "Polygon", "coordinates": [[[-76.211078, 36.8480577], [-76.2110356, 36.8480209], [-76.2109991, 36.8480508], [-76.2109664, 36.848031], [-76.2107102, 36.8480226], [-76.2106953, 36.8483973], [-76.2110369, 36.8484053], [-76.2110437, 36.8481003], [-76.2110358, 36.8480923], [-76.211078, 36.8480577]]]}, "properties": {"sources": [{"property": "", "dataset": "OpenStreetMap", "license": "ODbL-1.0", "record_id": "w406987043@3", "update_time": "2023-10-27T18:09:08.000Z", "confidence": null, "between": null}, {"property": "/properties/height", "dataset": "Microsoft ML Buildings", "license": "ODbL-1.0", "record_id": null, "update_time": "2022-08-15T00:00:00.000Z", "confidence": null, "between": null}], "height": 4.832137107849121, "is_underground": false, "subtype": "commercial", "class": "commercial", "has_parts": false, "version": 2}}, {"id": "452cf864-cf8d-4493-9024-fe665df53b67", "type": "Feature", "geometry": {"type": "Polygon", "coordinates": [[[-76.2113836, 36.8488033], [-76.2113927, 36.8483763], [-76.2111908, 36.8483736], [-76.2111817, 36.8488005], [-76.2113836, 36.8488033]]]}, "properties": {"sources": [{"property": "", "dataset": "OpenStreetMap", "license": "ODbL-1.0", "record_id": "w406986940@2", "update_time": "2016-04-23T05:48:58.000Z", "confidence": null, "between": null}, {"property": "/properties/height", "dataset": "Microsoft ML Buildings", "license": "ODbL-1.0", "record_id": null, "update_time": "2022-08-15T00:00:00.000Z", "confidence": null, "between": null}], "height": 5.16364860534668, "is_underground": false, "subtype": "commercial", "class": "commercial", "has_parts": false, "version": 2}}, {"id": "c9657718-7c34-4031-bda1-a367ef44cc47", "type": "Feature", "geometry": {"type": "Polygon", "coordinates": [[[-76.2115893, 36.8492978], [-76.2116443, 36.849244], [-76.2115093, 36.8491549], [-76.211441, 36.8492217], [-76.2115446, 36.8492901], [-76.2115579, 36.8492771], [-76.2115893, 36.8492978]]]}, "properties": {"sources": [{"property": "", "dataset": "OpenStreetMap", "license": "ODbL-1.0", "record_id": "w406987104@2", "update_time": "2016-04-23T05:49:15.000Z", "confidence": null, "between": null}], "is_underground": false, "subtype": "residential", "class": "residential", "has_parts": false, "version": 1}}, {"id": "f980deb6-0f50-4249-a798-ca8a2c214230", "type": "Feature", "geometry": {"type": "Polygon", "coordinates": [[[-76.2113769, 36.8492458], [-76.2114059, 36.8492312], [-76.2113751, 36.8491919], [-76.2113461, 36.8492066], [-76.2113769, 36.8492458]]]}, "properties": {"sources": [{"property": "", "dataset": "OpenStreetMap", "license": "ODbL-1.0", "record_id": "w1348641897@1", "update_time": "2025-01-05T04:31:01.000Z", "confidence": null, "between": null}], "is_underground": false, "has_parts": false, "version": 1}}, {"id": "ec7184c3-247e-42a7-ab28-45d36f3cfa35", "type": "Feature", "geometry": {"type": "Polygon", "coordinates": [[[-76.2115055, 36.8491491], [-76.2114981, 36.8491156], [-76.2114266, 36.8491258], [-76.211434, 36.8491593], [-76.2115055, 36.8491491]]]}, "properties": {"sources": [{"property": "", "dataset": "OpenStreetMap", "license": "ODbL-1.0", "record_id": "w1348641605@1", "update_time": "2025-01-05T04:31:01.000Z", "confidence": null, "between": null}], "is_underground": false, "has_parts": false, "version": 1}}, {"id": "4a3a9d3b-60b7-4f69-b9c0-9c0121e87a37", "type": "Feature", "geometry": {"type": "Polygon", "coordinates": [[[-76.2110104, 36.8492753], [-76.210938, 36.849117], [-76.2105743, 36.8492244], [-76.2105852, 36.8492482], [-76.2103733, 36.8493108], [-76.2104397, 36.849456], [-76.2106514, 36.8493934], [-76.2106465, 36.8493827], [-76.2110104, 36.8492753]]]}, "properties": {"sources": [{"property": "", "dataset": "OpenStreetMap", "license": "ODbL-1.0", "record_id": "w406987872@2", "update_time": "2016-04-23T05:50:47.000Z", "confidence": null, "between": null}, {"property": "/properties/height", "dataset": "Microsoft ML Buildings", "license": "ODbL-1.0", "record_id": null, "update_time": "2022-08-15T00:00:00.000Z", "confidence": null, "between": null}], "height": 5.095919609069824, "is_underground": false, "subtype": "commercial", "class": "commercial", "has_parts": false, "version": 2}}, {"id": "016c4b2f-51fd-44df-888e-9145648f9db2", "type": "Feature", "geometry": {"type": "Polygon", "coordinates": [[[-76.2095824, 36.8491884], [-76.2094754, 36.849187], [-76.209472, 36.8493599], [-76.2095797, 36.8493613], [-76.2095809, 36.8493029], [-76.2097724, 36.8493053], [-76.2097745, 36.8492018], [-76.2095822, 36.8491993], [-76.2095824, 36.8491884]]]}, "properties": {"sources": [{"property": "", "dataset": "OpenStreetMap", "license": "ODbL-1.0", "record_id": "w406984384@2", "update_time": "2016-04-23T05:49:15.000Z", "confidence": null, "between": null}, {"property": "/properties/height", "dataset": "Microsoft ML Buildings", "license": "ODbL-1.0", "record_id": null, "update_time": "2022-08-15T00:00:00.000Z", "confidence": null, "between": null}], "height": 4.643023490905762, "is_underground": false, "subtype": "commercial", "class": "commercial", "has_parts": false, "version": 2}}, {"id": "6435ac27-6f7a-4dc0-97d5-6c2f0b5325c1", "type": "Feature", "geometry": {"type": "Polygon", "coordinates": [[[-76.2094568, 36.8485715], [-76.2094968, 36.8485721], [-76.2094971, 36.8485579], [-76.2096038, 36.8485592], [-76.2096061, 36.8484379], [-76.2094544, 36.8484361], [-76.209454, 36.8484598], [-76.2094403, 36.8484596], [-76.2094405, 36.8484476], [-76.2093444, 36.8484464], [-76.2093425, 36.8485516], [-76.2094571, 36.848553], [-76.2094568, 36.8485715]]]}, "properties": {"sources": [{"property": "", "dataset": "OpenStreetMap", "license": "ODbL-1.0", "record_id": "w406984382@2", "update_time": "2016-04-23T06:12:47.000Z", "confidence": null, "between": null}, {"property": "/properties/height", "dataset": "Microsoft ML Buildings", "license": "ODbL-1.0", "record_id": null, "update_time": "2022-08-15T00:00:00.000Z", "confidence": null, "between": null}], "height": 3.734713554382324, "is_underground": false, "subtype": "commercial", "class": "commercial", "has_parts": false, "version": 2}}, {"id": "515f8d4f-861e-4100-8bf2-4ea774bf0c8b", "type": "Feature", "geometry": {"type": "Polygon", "coordinates": [[[-76.2096314, 36.8481208], [-76.2096351, 36.8480278], [-76.2095271, 36.8480251], [-76.2095277, 36.8480102], [-76.2093207, 36.8480114], [-76.2093159, 36.848117], [-76.2094414, 36.8481202], [-76.209441, 36.8481295], [-76.2095165, 36.8481314], [-76.209517, 36.8481178], [-76.2096314, 36.8481208]]]}, "properties": {"names": {"primary": "Arby's", "common": null, "rules": null}, "sources": [{"property": "", "dataset": "OpenStreetMap", "license": "ODbL-1.0", "record_id": "w406984366@5", "update_time": "2026-03-02T07:05:21.000Z", "confidence": null, "between": null}, {"property": "/properties/height", "dataset": "Microsoft ML Buildings", "license": "ODbL-1.0", "record_id": null, "update_time": "2022-08-15T00:00:00.000Z", "confidence": null, "between": null}], "height": 4.068403720855713, "is_underground": false, "subtype": "commercial", "class": "commercial", "has_parts": false, "version": 2}}, {"id": "1344b077-dd81-42d8-8e69-334a5bcea709", "type": "Feature", "geometry": {"type": "Polygon", "coordinates": [[[-76.2086573, 36.8482309], [-76.2088438, 36.8482335], [-76.2088515, 36.8478756], [-76.2086651, 36.847873], [-76.2086573, 36.8482309]]]}, "properties": {"sources": [{"property": "", "dataset": "OpenStreetMap", "license": "ODbL-1.0", "record_id": "w406984642@1", "update_time": "2024-10-28T23:35:41.000Z", "confidence": null, "between": null}, {"property": "/properties/height", "dataset": "Microsoft ML Buildings", "license": "ODbL-1.0", "record_id": null, "update_time": "2022-08-15T00:00:00.000Z", "confidence": null, "between": null}], "height": 4.47074031829834, "is_underground": false, "subtype": "commercial", "class": "commercial", "has_parts": false, "version": 2}}, {"id": "f4931ad1-c7c9-4cb1-b3f7-708b1f9e9a1d", "type": "Feature", "geometry": {"type": "Polygon", "coordinates": [[[-76.208836, 36.8485763], [-76.2088421, 36.8483673], [-76.2086316, 36.848363], [-76.208624, 36.8485982], [-76.2087948, 36.8486], [-76.2088125, 36.8485962], [-76.2088289, 36.8485865], [-76.208836, 36.8485763]]]}, "properties": {"sources": [{"property": "", "dataset": "OpenStreetMap", "license": "ODbL-1.0", "record_id": "w406984419@2", "update_time": "2016-04-23T06:12:50.000Z", "confidence": null, "between": null}], "is_underground": false, "subtype": "commercial", "class": "commercial", "has_parts": false, "version": 1}}, {"id": "ee04010e-079a-4fbd-9c82-efce3e1e4271", "type": "Feature", "geometry": {"type": "Polygon", "coordinates": [[[-76.2081433, 36.8486089], [-76.2081484, 36.8483709], [-76.2077688, 36.8483656], [-76.2077636, 36.8486036], [-76.2081433, 36.8486089]]]}, "properties": {"sources": [{"property": "", "dataset": "OpenStreetMap", "license": "ODbL-1.0", "record_id": "w406984426@2", "update_time": "2016-04-23T06:12:51.000Z", "confidence": null, "between": null}, {"property": "/properties/height", "dataset": "Microsoft ML Buildings", "license": "ODbL-1.0", "record_id": null, "update_time": "2022-08-15T00:00:00.000Z", "confidence": null, "between": null}], "height": 5.511892795562744, "is_underground": false, "subtype": "commercial", "class": "commercial", "has_parts": false, "version": 2}}, {"id": "d819697a-27b1-404f-b3ff-df47912eb049", "type": "Feature", "geometry": {"type": "Polygon", "coordinates": [[[-76.208521, 36.8477707], [-76.2084606, 36.8477694], [-76.2084599, 36.8477887], [-76.2085203, 36.84779], [-76.208521, 36.8477707]]]}, "properties": {"sources": [{"property": "", "dataset": "Microsoft ML Buildings", "license": "ODbL-1.0", "record_id": null, "update_time": "2022-08-15T00:00:00.000Z", "confidence": null, "between": null}], "height": 2.917874336242676, "is_underground": false, "has_parts": false, "version": 3}}, {"id": "6beb5d11-e8d2-4d02-b6ef-fb91907640c0", "type": "Feature", "geometry": {"type": "Polygon", "coordinates": [[[-76.2075814, 36.8483057], [-76.2072374, 36.8483011], [-76.2072329, 36.8485244], [-76.2072217, 36.8485242], [-76.2072194, 36.8486361], [-76.2073236, 36.8486375], [-76.2073234, 36.8486462], [-76.2074785, 36.8486483], [-76.2074786, 36.8486416], [-76.2075805, 36.848643], [-76.2075829, 36.8485271], [-76.2075769, 36.848527], [-76.2075814, 36.8483057]]]}, "properties": {"sources": [{"property": "", "dataset": "OpenStreetMap", "license": "ODbL-1.0", "record_id": "w406984433@1", "update_time": "2016-04-01T15:10:51.000Z", "confidence": null, "between": null}, {"property": "/properties/height", "dataset": "Microsoft ML Buildings", "license": "ODbL-1.0", "record_id": null, "update_time": "2022-08-15T00:00:00.000Z", "confidence": null, "between": null}], "height": 7.540220737457275, "is_underground": false, "subtype": "commercial", "class": "commercial", "has_parts": false, "version": 2}}, {"id": "520df239-ef7b-4bce-a666-010a6d9be092", "type": "Feature", "geometry": {"type": "Polygon", "coordinates": [[[-76.2086255, 36.8483068], [-76.2085676, 36.8483059], [-76.208567, 36.8483325], [-76.2084851, 36.8483312], [-76.2084828, 36.8484244], [-76.2084694, 36.8484242], [-76.2084627, 36.8487011], [-76.2086159, 36.8487034], [-76.2086255, 36.8483068]]]}, "properties": {"sources": [{"property": "", "dataset": "OpenStreetMap", "license": "ODbL-1.0", "record_id": "w406984420@2", "update_time": "2016-04-23T06:12:51.000Z", "confidence": null, "between": null}], "is_underground": false, "subtype": "commercial", "class": "commercial", "has_parts": false, "version": 1}}, {"id": "5c6f1bd5-9d2e-4391-baa6-97ebec5f05f6", "type": "Feature", "geometry": {"type": "Polygon", "coordinates": [[[-76.2085059, 36.8495875], [-76.20885, 36.8495942], [-76.2088549, 36.8494321], [-76.2087064, 36.849434], [-76.2087023, 36.8489808], [-76.2085241, 36.8489869], [-76.2085059, 36.8495875]]]}, "properties": {"sources": [{"property": "", "dataset": "OpenStreetMap", "license": "ODbL-1.0", "record_id": "w406984452@1", "update_time": "2016-04-01T15:10:53.000Z", "confidence": null, "between": null}, {"property": "/properties/height", "dataset": "Microsoft ML Buildings", "license": "ODbL-1.0", "record_id": null, "update_time": "2022-08-15T00:00:00.000Z", "confidence": null, "between": null}], "height": 7.198960304260254, "is_underground": false, "subtype": "commercial", "class": "commercial", "has_parts": false, "version": 2}}, {"id": "b9130eac-c4e3-48c7-900a-d5b2b7984a53", "type": "Feature", "geometry": {"type": "Polygon", "coordinates": [[[-76.2087735, 36.8506609], [-76.2095075, 36.85067], [-76.2095386, 36.8506477], [-76.209547, 36.8503165], [-76.2095187, 36.8502938], [-76.209029, 36.850288], [-76.2089788, 36.8502445], [-76.2087548, 36.8502431], [-76.2087262, 36.8502664], [-76.2087176, 36.8506111], [-76.2087735, 36.8506609]]]}, "properties": {"sources": [{"property": "", "dataset": "OpenStreetMap", "license": "ODbL-1.0", "record_id": "w406984584@2", "update_time": "2016-04-23T06:13:11.000Z", "confidence": null, "between": null}, {"property": "/properties/height", "dataset": "Microsoft ML Buildings", "license": "ODbL-1.0", "record_id": null, "update_time": "2022-08-15T00:00:00.000Z", "confidence": null, "between": null}], "height": 8.55746078491211, "is_underground": false, "subtype": "commercial", "class": "commercial", "has_parts": false, "version": 2}}, {"id": "6d118822-a1d3-417c-b5fd-654761e0aad7", "type": "Feature", "geometry": {"type": "Polygon", "coordinates": [[[-76.2103929, 36.8496029], [-76.2103921, 36.8496747], [-76.2104773, 36.8496742], [-76.2104754, 36.8498534], [-76.2106158, 36.8498544], [-76.2106181, 36.8496505], [-76.2106471, 36.8496507], [-76.2106474, 36.8496275], [-76.2106201, 36.8496273], [-76.2106205, 36.8495859], [-76.2104791, 36.8495849], [-76.210479, 36.8496005], [-76.2103929, 36.8496029]]]}, "properties": {"sources": [{"property": "", "dataset": "OpenStreetMap", "license": "ODbL-1.0", "record_id": "w406987127@2", "update_time": "2018-01-23T15:48:31.000Z", "confidence": null, "between": null}, {"property": "/properties/height", "dataset": "Microsoft ML Buildings", "license": "ODbL-1.0", "record_id": null, "update_time": "2022-08-15T00:00:00.000Z", "confidence": null, "between": null}], "height": 3.640152931213379, "is_underground": false, "subtype": "commercial", "class": "commercial", "has_parts": false, "version": 2}}, {"id": "2cac6518-da7c-467a-be88-a52c910e00e7", "type": "Feature", "geometry": {"type": "Polygon", "coordinates": [[[-76.2105654, 36.8499209], [-76.2103742, 36.8499194], [-76.2103697, 36.8501336], [-76.2107277, 36.8501314], [-76.2107285, 36.8500584], [-76.2106983, 36.850046], [-76.2107014, 36.8499614], [-76.2106692, 36.8499621], [-76.210669, 36.8499276], [-76.2106054, 36.8499273], [-76.2106038, 36.8499307], [-76.2105683, 36.8499301], [-76.2105654, 36.8499209]]]}, "properties": {"sources": [{"property": "", "dataset": "OpenStreetMap", "license": "ODbL-1.0", "record_id": "w406987151@2", "update_time": "2016-04-23T05:49:19.000Z", "confidence": null, "between": null}, {"property": "/properties/height", "dataset": "Microsoft ML Buildings", "license": "ODbL-1.0", "record_id": null, "update_time": "2022-08-15T00:00:00.000Z", "confidence": null, "between": null}], "height": 3.1777665615081787, "is_underground": false, "subtype": "commercial", "class": "commercial", "has_parts": false, "version": 2}}, {"id": "e1c16f01-1d5d-4016-888c-9ca5128e882b", "type": "Feature", "geometry": {"type": "Polygon", "coordinates": [[[-76.2106863, 36.8494094], [-76.2106985, 36.8494381], [-76.2107304, 36.8494288], [-76.2107874, 36.849556], [-76.2110721, 36.8494737], [-76.2110839, 36.8495001], [-76.2111353, 36.8494852], [-76.211123, 36.8494579], [-76.2113571, 36.8493902], [-76.2112867, 36.8492331], [-76.2106863, 36.8494094]]]}, "properties": {"sources": [{"property": "", "dataset": "OpenStreetMap", "license": "ODbL-1.0", "record_id": "w406987876@2", "update_time": "2016-04-23T05:50:36.000Z", "confidence": null, "between": null}, {"property": "/properties/height", "dataset": "Microsoft ML Buildings", "license": "ODbL-1.0", "record_id": null, "update_time": "2022-08-15T00:00:00.000Z", "confidence": null, "between": null}], "height": 4.922918796539307, "is_underground": false, "subtype": "commercial", "class": "commercial", "has_parts": false, "version": 2}}, {"id": "cd2edc22-3e16-4890-a27c-4c8ef5157e22", "type": "Feature", "geometry": {"type": "Polygon", "coordinates": [[[-76.2110613, 36.8496737], [-76.210789, 36.849752], [-76.2108588, 36.849909], [-76.2111453, 36.8498266], [-76.2111579, 36.8498549], [-76.2112082, 36.8498405], [-76.2111949, 36.8498105], [-76.211428, 36.8497434], [-76.2113583, 36.8495867], [-76.2111128, 36.8496573], [-76.2111011, 36.849631], [-76.211049, 36.849646], [-76.2110613, 36.8496737]]]}, "properties": {"sources": [{"property": "", "dataset": "OpenStreetMap", "license": "ODbL-1.0", "record_id": "w406987883@2", "update_time": "2016-04-23T05:50:36.000Z", "confidence": null, "between": null}, {"property": "/properties/height", "dataset": "Microsoft ML Buildings", "license": "ODbL-1.0", "record_id": null, "update_time": "2022-08-15T00:00:00.000Z", "confidence": null, "between": null}], "height": 5.0216755867004395, "is_underground": false, "subtype": "commercial", "class": "commercial", "has_parts": false, "version": 2}}, {"id": "33132075-3a23-4d8f-8174-e419319312e1", "type": "Feature", "geometry": {"type": "Polygon", "coordinates": [[[-76.2114864, 36.8493825], [-76.2115262, 36.8494195], [-76.2116589, 36.8493275], [-76.2116191, 36.8492904], [-76.2114864, 36.8493825]]]}, "properties": {"sources": [{"property": "", "dataset": "OpenStreetMap", "license": "ODbL-1.0", "record_id": "w1348641695@1", "update_time": "2025-01-05T04:31:01.000Z", "confidence": null, "between": null}], "is_underground": false, "has_parts": false, "version": 1}}, {"id": "63a74b27-92ac-42e7-bffa-ce90bfe3a83e", "type": "Feature", "geometry": {"type": "Polygon", "coordinates": [[[-76.2116817, 36.8500412], [-76.2116602, 36.8500474], [-76.2115911, 36.8498928], [-76.2113017, 36.8499763], [-76.2112892, 36.8499484], [-76.2112365, 36.8499636], [-76.2112492, 36.849992], [-76.2109391, 36.8500815], [-76.2110097, 36.8502393], [-76.2116597, 36.8500516], [-76.211669, 36.8500723], [-76.2116925, 36.8500655], [-76.2116817, 36.8500412]]]}, "properties": {"sources": [{"property": "", "dataset": "OpenStreetMap", "license": "ODbL-1.0", "record_id": "w406987884@2", "update_time": "2016-04-23T05:50:36.000Z", "confidence": null, "between": null}, {"property": "/properties/height", "dataset": "Microsoft ML Buildings", "license": "ODbL-1.0", "record_id": null, "update_time": "2022-08-15T00:00:00.000Z", "confidence": null, "between": null}], "height": 5.43553352355957, "is_underground": false, "subtype": "commercial", "class": "commercial", "has_parts": false, "version": 2}}, {"id": "618843cf-4e9c-489e-bd17-138f91b3f23e", "type": "Feature", "geometry": {"type": "Polygon", "coordinates": [[[-76.2114185, 36.8520356], [-76.2114577, 36.8520361], [-76.2114624, 36.8518331], [-76.2114232, 36.8518325], [-76.2114185, 36.8520356]]]}, "properties": {"sources": [{"property": "", "dataset": "Microsoft ML Buildings", "license": "ODbL-1.0", "record_id": null, "update_time": "2022-08-15T00:00:00.000Z", "confidence": null, "between": null}], "height": 3.8616397380828857, "is_underground": false, "has_parts": false, "version": 3}}, {"id": "75bc74a2-ddf6-4409-9ebf-f309bece9cea", "type": "Feature", "geometry": {"type": "Polygon", "coordinates": [[[-76.2113144, 36.8527045], [-76.211319, 36.8525337], [-76.2104428, 36.8525186], [-76.2104423, 36.8525373], [-76.2104356, 36.8525372], [-76.2104332, 36.8526282], [-76.210447, 36.8526284], [-76.2104465, 36.8526447], [-76.210543, 36.8526463], [-76.2105418, 36.8526912], [-76.2113144, 36.8527045]]]}, "properties": {"names": {"primary": "Motel 6", "common": null, "rules": null}, "sources": [{"property": "", "dataset": "OpenStreetMap", "license": "ODbL-1.0", "record_id": "w406987798@3", "update_time": "2024-01-17T03:39:01.000Z", "confidence": null, "between": null}, {"property": "/properties/height", "dataset": "Microsoft ML Buildings", "license": "ODbL-1.0", "record_id": null, "update_time": "2022-08-15T00:00:00.000Z", "confidence": null, "between": null}], "height": 5.502655029296875, "is_underground": false, "subtype": "commercial", "class": "commercial", "has_parts": false, "version": 2}}, {"id": "f15b795e-89b5-4946-b0e7-845a19a1f7ab", "type": "Feature", "geometry": {"type": "Polygon", "coordinates": [[[-76.2106039, 36.8520099], [-76.2105279, 36.8520099], [-76.2105279, 36.8521023], [-76.2104938, 36.8521023], [-76.2104937, 36.8522482], [-76.2106027, 36.8522482], [-76.2106027, 36.8522459], [-76.2107058, 36.8522459], [-76.2107059, 36.8521037], [-76.2106038, 36.8521037], [-76.2106039, 36.8520099]]]}, "properties": {"names": {"primary": "Dunkin'", "common": null, "rules": [{"variant": "alternate", "language": null, "perspectives": null, "value": "Dunkin' Donuts", "between": null, "side": null}]}, "sources": [{"property": "", "dataset": "OpenStreetMap", "license": "ODbL-1.0", "record_id": "w406987792@3", "update_time": "2024-06-04T01:07:09.000Z", "confidence": null, "between": null}, {"property": "/properties/height", "dataset": "Microsoft ML Buildings", "license": "ODbL-1.0", "record_id": null, "update_time": "2022-08-15T00:00:00.000Z", "confidence": null, "between": null}], "height": 5.774353981018066, "is_underground": false, "subtype": "commercial", "class": "commercial", "has_parts": false, "version": 2}}, {"id": "8bd722f5-9f06-4396-81b3-b70b1a7dfd1a", "type": "Feature", "geometry": {"type": "Polygon", "coordinates": [[[-76.2094496, 36.8514466], [-76.2094464, 36.8515905], [-76.2096112, 36.8515929], [-76.2096181, 36.8512785], [-76.2087512, 36.8512662], [-76.2087474, 36.8514366], [-76.2094496, 36.8514466]]]}, "properties": {"sources": [{"property": "", "dataset": "OpenStreetMap", "license": "ODbL-1.0", "record_id": "w406984585@2", "update_time": "2016-04-23T06:13:11.000Z", "confidence": null, "between": null}, {"property": "/properties/height", "dataset": "Microsoft ML Buildings", "license": "ODbL-1.0", "record_id": null, "update_time": "2022-08-15T00:00:00.000Z", "confidence": null, "between": null}], "height": 5.232833385467529, "is_underground": false, "subtype": "commercial", "class": "commercial", "has_parts": false, "version": 2}}, {"id": "384e0e87-f5cb-47b4-8b70-009f09badece", "type": "Feature", "geometry": {"type": "Polygon", "coordinates": [[[-76.2087621, 36.8525657], [-76.2087451, 36.8525655], [-76.2087436, 36.8526473], [-76.2086545, 36.8526462], [-76.2086535, 36.8526954], [-76.2086483, 36.8526953], [-76.2086473, 36.8527477], [-76.2086522, 36.8527478], [-76.2086516, 36.8527744], [-76.20874, 36.8527755], [-76.2087398, 36.8527857], [-76.2091677, 36.8527911], [-76.2091694, 36.8527005], [-76.2091833, 36.8527007], [-76.2091843, 36.8526539], [-76.2091705, 36.8526537], [-76.2091707, 36.8526438], [-76.209182, 36.852644], [-76.2091837, 36.8525608], [-76.2091421, 36.8525603], [-76.2091419, 36.8525714], [-76.2091314, 36.8525712], [-76.2091315, 36.8525626], [-76.2087623, 36.8525579], [-76.2087621, 36.8525657]]]}, "properties": {"sources": [{"property": "", "dataset": "OpenStreetMap", "license": "ODbL-1.0", "record_id": "w406984593@2", "update_time": "2016-04-23T06:13:12.000Z", "confidence": null, "between": null}, {"property": "/properties/height", "dataset": "Microsoft ML Buildings", "license": "ODbL-1.0", "record_id": null, "update_time": "2022-08-15T00:00:00.000Z", "confidence": null, "between": null}], "height": 3.5004074573516846, "is_underground": false, "subtype": "commercial", "class": "commercial", "has_parts": false, "version": 2}}, {"id": "cefe9325-4cfc-4fc7-b1be-b9a50637551c", "type": "Feature", "geometry": {"type": "Polygon", "coordinates": [[[-76.2089733, 36.8528854], [-76.2089054, 36.8528854], [-76.2089056, 36.8530287], [-76.2091615, 36.8530285], [-76.2091615, 36.8530225], [-76.2091914, 36.8530224], [-76.2091912, 36.8529045], [-76.209044, 36.8529046], [-76.209044, 36.8528897], [-76.2089733, 36.8528898], [-76.2089733, 36.8528854]]]}, "properties": {"sources": [{"property": "", "dataset": "OpenStreetMap", "license": "ODbL-1.0", "record_id": "w406984596@2", "update_time": "2016-04-23T06:13:13.000Z", "confidence": null, "between": null}, {"property": "/properties/height", "dataset": "Microsoft ML Buildings", "license": "ODbL-1.0", "record_id": null, "update_time": "2022-08-15T00:00:00.000Z", "confidence": null, "between": null}], "height": 3.3565304279327393, "is_underground": false, "subtype": "commercial", "class": "commercial", "has_parts": false, "version": 2}}, {"id": "e37a6df9-d304-4e2d-aaba-9db14fda41cb", "type": "Feature", "geometry": {"type": "Polygon", "coordinates": [[[-76.2090709, 36.8542006], [-76.2089444, 36.8541946], [-76.2089351, 36.8543213], [-76.2090181, 36.8543252], [-76.2090153, 36.8543642], [-76.2091511, 36.8543706], [-76.2091529, 36.8543457], [-76.2093023, 36.8543527], [-76.2093031, 36.8543419], [-76.2093414, 36.8543437], [-76.2093454, 36.8542893], [-76.2093182, 36.8542881], [-76.2093226, 36.8542268], [-76.2092529, 36.8542235], [-76.2092546, 36.8542], [-76.209212, 36.854198], [-76.2092142, 36.8541678], [-76.209172, 36.8541658], [-76.209171, 36.8541792], [-76.2090728, 36.8541746], [-76.2090709, 36.8542006]]]}, "properties": {"names": {"primary": "Nawab Indian Cuisine", "common": null, "rules": null}, "sources": [{"property": "", "dataset": "OpenStreetMap", "license": "ODbL-1.0", "record_id": "w406984600@3", "update_time": "2025-01-23T00:44:48.000Z", "confidence": null, "between": null}, {"property": "/properties/height", "dataset": "Microsoft ML Buildings", "license": "ODbL-1.0", "record_id": null, "update_time": "2022-08-15T00:00:00.000Z", "confidence": null, "between": null}], "height": 4.681552886962891, "is_underground": false, "subtype": "commercial", "class": "commercial", "has_parts": false, "version": 2}}, {"id": "ee30d85d-3524-4800-959c-57026876422a", "type": "Feature", "geometry": {"type": "Polygon", "coordinates": [[[-76.2103435, 36.8531922], [-76.2104179, 36.8531946], [-76.2104166, 36.8532193], [-76.2112358, 36.8532464], [-76.2112369, 36.8532259], [-76.2112804, 36.8532274], [-76.2112838, 36.8531605], [-76.2112383, 36.853159], [-76.211243, 36.8530665], [-76.2111288, 36.8530629], [-76.2111198, 36.8530671], [-76.2104289, 36.8530443], [-76.2104267, 36.8530879], [-76.210349, 36.8530854], [-76.2103435, 36.8531922]]]}, "properties": {"names": {"primary": "Econo Lodge", "common": null, "rules": null}, "sources": [{"property": "", "dataset": "OpenStreetMap", "license": "ODbL-1.0", "record_id": "w406987803@5", "update_time": "2024-03-22T02:02:26.000Z", "confidence": null, "between": null}, {"property": "/properties/height", "dataset": "Microsoft ML Buildings", "license": "ODbL-1.0", "record_id": null, "update_time": "2022-08-15T00:00:00.000Z", "confidence": null, "between": null}], "height": 4.639554977416992, "is_underground": false, "subtype": "commercial", "class": "commercial", "has_parts": false, "version": 2}}, {"id": "c61dad8c-e288-45de-b1b1-fb1b7a4a5584", "type": "Feature", "geometry": {"type": "Polygon", "coordinates": [[[-76.2113758, 36.8529571], [-76.2113119, 36.8529577], [-76.2113126, 36.8530041], [-76.2113765, 36.8530035], [-76.2113758, 36.8529571]]]}, "properties": {"sources": [{"property": "", "dataset": "OpenStreetMap", "license": "ODbL-1.0", "record_id": "w406987998@2", "update_time": "2016-04-23T05:50:40.000Z", "confidence": null, "between": null}], "is_underground": false, "has_parts": false, "version": 1}}, {"id": "d4712df8-9b9a-4066-82bf-a7f205f91496", "type": "Feature", "geometry": {"type": "Polygon", "coordinates": [[[-76.2114103, 36.8529725], [-76.2114512, 36.8529725], [-76.2114512, 36.8529479], [-76.2114103, 36.8529479], [-76.2114103, 36.8529725]]]}, "properties": {"sources": [{"property": "", "dataset": "OpenStreetMap", "license": "ODbL-1.0", "record_id": "w406987892@1", "update_time": "2016-04-01T15:25:32.000Z", "confidence": null, "between": null}], "is_underground": false, "has_parts": false, "version": 1}}, {"id": "dca9014a-5e8f-4672-89dd-324c287c5fb7", "type": "Feature", "geometry": {"type": "Polygon", "coordinates": [[[-76.2114229, 36.8537769], [-76.2115484, 36.8537821], [-76.2115838, 36.8532291], [-76.2114585, 36.8532239], [-76.2114229, 36.8537769]]]}, "properties": {"sources": [{"property": "", "dataset": "OpenStreetMap", "license": "ODbL-1.0", "record_id": "w406987655@2", "update_time": "2016-04-23T05:50:15.000Z", "confidence": null, "between": null}, {"property": "/properties/height", "dataset": "Microsoft ML Buildings", "license": "ODbL-1.0", "record_id": null, "update_time": "2022-08-15T00:00:00.000Z", "confidence": null, "between": null}], "height": 5.41203498840332, "is_underground": false, "subtype": "residential", "class": "residential", "has_parts": false, "version": 2}}, {"id": "7d49c94a-a436-4e71-aff2-d2cbae58a68a", "type": "Feature", "geometry": {"type": "Polygon", "coordinates": [[[-76.2111751, 36.8534041], [-76.2111511, 36.8537987], [-76.2113156, 36.8538052], [-76.2113397, 36.8534106], [-76.2111751, 36.8534041]]]}, "properties": {"sources": [{"property": "", "dataset": "OpenStreetMap", "license": "ODbL-1.0", "record_id": "w406987804@2", "update_time": "2016-04-23T05:50:51.000Z", "confidence": null, "between": null}, {"property": "/properties/height", "dataset": "Microsoft ML Buildings", "license": "ODbL-1.0", "record_id": null, "update_time": "2022-08-15T00:00:00.000Z", "confidence": null, "between": null}], "height": 4.253225326538086, "is_underground": false, "subtype": "residential", "class": "residential", "has_parts": false, "version": 2}}, {"id": "2bb34744-c1d6-40c7-be55-5e8b0236ffc5", "type": "Feature", "geometry": {"type": "Polygon", "coordinates": [[[-76.2112982, 36.8540123], [-76.2113012, 36.8539813], [-76.2110929, 36.8539682], [-76.2110899, 36.8539993], [-76.2112982, 36.8540123]]]}, "properties": {"sources": [{"property": "", "dataset": "OpenStreetMap", "license": "ODbL-1.0", "record_id": "w406987928@2", "update_time": "2016-04-23T05:50:39.000Z", "confidence": null, "between": null}, {"property": "/properties/height", "dataset": "Microsoft ML Buildings", "license": "ODbL-1.0", "record_id": null, "update_time": "2022-08-15T00:00:00.000Z", "confidence": null, "between": null}], "height": 2.5844156742095947, "is_underground": false, "subtype": "residential", "class": "residential", "has_parts": false, "version": 2}}, {"id": "ca429c89-2b07-489a-bcda-4e4824863ad6", "type": "Feature", "geometry": {"type": "Polygon", "coordinates": [[[-76.2110688, 36.8540974], [-76.2110761, 36.8540917], [-76.2111376, 36.8541432], [-76.2111632, 36.8541234], [-76.2110477, 36.8540268], [-76.2110209, 36.8540476], [-76.2110516, 36.8540733], [-76.2110455, 36.854078], [-76.2110688, 36.8540974]]]}, "properties": {"sources": [{"property": "", "dataset": "OpenStreetMap", "license": "ODbL-1.0", "record_id": "w406987855@2", "update_time": "2016-04-23T05:50:47.000Z", "confidence": null, "between": null}], "is_underground": false, "subtype": "residential", "class": "residential", "has_parts": false, "version": 1}}, {"id": "a1adb5ed-91f6-4488-be56-3f805f7ad66e", "type": "Feature", "geometry": {"type": "Polygon", "coordinates": [[[-76.2111555, 36.8542434], [-76.2110334, 36.8541337], [-76.2110078, 36.8541521], [-76.2110882, 36.8542243], [-76.2110598, 36.8542447], [-76.2111015, 36.8542822], [-76.2111555, 36.8542434]]]}, "properties": {"sources": [{"property": "", "dataset": "OpenStreetMap", "license": "ODbL-1.0", "record_id": "w406987850@2", "update_time": "2016-04-23T05:50:45.000Z", "confidence": null, "between": null}], "is_underground": false, "subtype": "residential", "class": "residential", "has_parts": false, "version": 1}}, {"id": "9e493e0a-d323-4487-8de8-089caeb55b51", "type": "Feature", "geometry": {"type": "Polygon", "coordinates": [[[-76.2111275, 36.8544641], [-76.211033, 36.8543784], [-76.2110008, 36.8544014], [-76.2110953, 36.8544871], [-76.2111275, 36.8544641]]]}, "properties": {"sources": [{"property": "", "dataset": "OpenStreetMap", "license": "ODbL-1.0", "record_id": "w406987980@2", "update_time": "2016-04-23T05:50:43.000Z", "confidence": null, "between": null}], "is_underground": false, "subtype": "residential", "class": "residential", "has_parts": false, "version": 1}}, {"id": "8536dbe1-590e-4842-97be-46df0378c111", "type": "Feature", "geometry": {"type": "Polygon", "coordinates": [[[-76.2109328, 36.8542613], [-76.210882, 36.8542594], [-76.2108703, 36.8544619], [-76.210921, 36.8544638], [-76.2109328, 36.8542613]]]}, "properties": {"sources": [{"property": "", "dataset": "OpenStreetMap", "license": "ODbL-1.0", "record_id": "w406987912@1", "update_time": "2016-04-01T15:25:33.000Z", "confidence": null, "between": null}, {"property": "/properties/height", "dataset": "Microsoft ML Buildings", "license": "ODbL-1.0", "record_id": null, "update_time": "2022-08-15T00:00:00.000Z", "confidence": null, "between": null}], "height": 2.92010760307312, "is_underground": false, "subtype": "residential", "class": "residential", "has_parts": false, "version": 2}}, {"id": "32d48eb9-276d-4996-a24e-92064ece9c33", "type": "Feature", "geometry": {"type": "Polygon", "coordinates": [[[-76.2111518, 36.8543663], [-76.2110295, 36.854257], [-76.2110041, 36.8542753], [-76.2111263, 36.8543847], [-76.2111518, 36.8543663]]]}, "properties": {"sources": [{"property": "", "dataset": "OpenStreetMap", "license": "ODbL-1.0", "record_id": "w406987861@2", "update_time": "2016-04-23T05:50:42.000Z", "confidence": null, "between": null}], "is_underground": false, "subtype": "residential", "class": "residential", "has_parts": false, "version": 1}}, {"id": "89735eb7-bf05-46fb-8d57-5e7e096369f0", "type": "Feature", "geometry": {"type": "Polygon", "coordinates": [[[-76.2114944, 36.8543328], [-76.2114549, 36.8543311], [-76.2114437, 36.8544998], [-76.2114832, 36.8545015], [-76.2114944, 36.8543328]]]}, "properties": {"sources": [{"property": "", "dataset": "OpenStreetMap", "license": "ODbL-1.0", "record_id": "w406987846@2", "update_time": "2016-04-23T05:50:38.000Z", "confidence": null, "between": null}], "is_underground": false, "subtype": "residential", "class": "residential", "has_parts": false, "version": 1}}, {"id": "9b056669-6764-4cdc-b2db-1f85ad377772", "type": "Feature", "geometry": {"type": "Polygon", "coordinates": [[[-76.2113107, 36.8543769], [-76.2112051, 36.8542846], [-76.2111748, 36.8543069], [-76.2112805, 36.8543992], [-76.2113107, 36.8543769]]]}, "properties": {"sources": [{"property": "", "dataset": "OpenStreetMap", "license": "ODbL-1.0", "record_id": "w406987837@2", "update_time": "2016-04-23T05:50:40.000Z", "confidence": null, "between": null}], "is_underground": false, "subtype": "residential", "class": "residential", "has_parts": false, "version": 1}}, {"id": "1acc4de4-0679-4c6b-b196-0ec21ef8ef4d", "type": "Feature", "geometry": {"type": "Polygon", "coordinates": [[[-76.2112083, 36.8542532], [-76.2112306, 36.8542383], [-76.2112887, 36.8542945], [-76.211321, 36.8542729], [-76.2111829, 36.8541392], [-76.211149, 36.8541618], [-76.2112066, 36.8542176], [-76.2111858, 36.8542315], [-76.2112083, 36.8542532]]]}, "properties": {"sources": [{"property": "", "dataset": "OpenStreetMap", "license": "ODbL-1.0", "record_id": "w406987853@2", "update_time": "2016-04-23T05:50:46.000Z", "confidence": null, "between": null}], "is_underground": false, "subtype": "residential", "class": "residential", "has_parts": false, "version": 1}}, {"id": "9d06f26f-7e55-481c-aae6-1a8a6e9210a4", "type": "Feature", "geometry": {"type": "Polygon", "coordinates": [[[-76.2113265, 36.8541468], [-76.2111949, 36.8540336], [-76.2111646, 36.8540564], [-76.2112962, 36.8541696], [-76.2113265, 36.8541468]]]}, "properties": {"sources": [{"property": "", "dataset": "OpenStreetMap", "license": "ODbL-1.0", "record_id": "w406987843@2", "update_time": "2016-04-23T05:50:40.000Z", "confidence": null, "between": null}], "is_underground": false, "subtype": "residential", "class": "residential", "has_parts": false, "version": 1}}, {"id": "a77aaffe-81d5-4530-89f0-c33d27d0e085", "type": "Feature", "geometry": {"type": "Polygon", "coordinates": [[[-76.2115028, 36.8540843], [-76.2114659, 36.8540833], [-76.2114599, 36.8542398], [-76.2114969, 36.8542407], [-76.2115028, 36.8540843]]]}, "properties": {"sources": [{"property": "", "dataset": "OpenStreetMap", "license": "ODbL-1.0", "record_id": "w406987946@2", "update_time": "2016-04-23T05:50:43.000Z", "confidence": null, "between": null}], "is_underground": false, "subtype": "residential", "class": "residential", "has_parts": false, "version": 1}}, {"id": "68a829c4-67eb-4c13-ae28-fab1a229bd5c", "type": "Feature", "geometry": {"type": "Polygon", "coordinates": [[[-76.2114368, 36.8525691], [-76.2114365, 36.8526719], [-76.2117246, 36.8526724], [-76.2117244, 36.85273], [-76.2123202, 36.8527311], [-76.21232, 36.8527968], [-76.2125479, 36.8527972], [-76.2125487, 36.8524959], [-76.2123177, 36.8524956], [-76.2123176, 36.852564], [-76.2117246, 36.852563], [-76.2117246, 36.8525696], [-76.2114368, 36.8525691]]]}, "properties": {"sources": [{"property": "", "dataset": "OpenStreetMap", "license": "ODbL-1.0", "record_id": "w406987885@2", "update_time": "2016-04-23T05:50:37.000Z", "confidence": null, "between": null}, {"property": "/properties/height", "dataset": "Microsoft ML Buildings", "license": "ODbL-1.0", "record_id": null, "update_time": "2022-08-15T00:00:00.000Z", "confidence": null, "between": null}], "height": 5.131198883056641, "is_underground": false, "subtype": "residential", "class": "residential", "has_parts": false, "version": 2}}, {"id": "5a5d1577-6fef-4661-b77d-18429529a9b7", "type": "Feature", "geometry": {"type": "Polygon", "coordinates": [[[-76.2114644, 36.8517866], [-76.211457, 36.8520657], [-76.211891, 36.8520732], [-76.2118869, 36.8522248], [-76.2119671, 36.8522262], [-76.2119698, 36.8521275], [-76.2122048, 36.8521315], [-76.2122063, 36.8520766], [-76.2122933, 36.8520781], [-76.2123089, 36.8514947], [-76.2124003, 36.8514963], [-76.2124003, 36.8514212], [-76.2123085, 36.8514208], [-76.2123108, 36.8513756], [-76.2123185, 36.851008], [-76.212087, 36.8510048], [-76.2120766, 36.8509515], [-76.2120817, 36.8507631], [-76.2121141, 36.850733], [-76.2120769, 36.850707], [-76.2120367, 36.8507065], [-76.2120376, 36.8506645], [-76.2114858, 36.8506568], [-76.211485, 36.8506929], [-76.2114429, 36.8506923], [-76.2114369, 36.8509684], [-76.2114779, 36.850969], [-76.2114737, 36.8511664], [-76.2114346, 36.8511659], [-76.2114206, 36.8517858], [-76.2114644, 36.8517866]]]}, "properties": {"sources": [{"property": "", "dataset": "OpenStreetMap", "license": "ODbL-1.0", "record_id": "w406987755@2", "update_time": "2016-04-23T05:50:26.000Z", "confidence": null, "between": null}, {"property": "/properties/height", "dataset": "Microsoft ML Buildings", "license": "ODbL-1.0", "record_id": null, "update_time": "2022-08-15T00:00:00.000Z", "confidence": null, "between": null}], "height": 6.264559745788574, "is_underground": false, "subtype": "residential", "class": "residential", "has_parts": false, "version": 2}}, {"id": "1f57ea81-21f5-43f5-b413-04fa0614e0ad", "type": "Feature", "geometry": {"type": "Polygon", "coordinates": [[[-76.2113082, 36.8547311], [-76.2112233, 36.8547275], [-76.2112188, 36.8547972], [-76.2113036, 36.8548008], [-76.2113082, 36.8547311]]]}, "properties": {"sources": [{"property": "", "dataset": "OpenStreetMap", "license": "ODbL-1.0", "record_id": "w406987849@2", "update_time": "2016-04-23T05:50:44.000Z", "confidence": null, "between": null}, {"property": "/properties/height", "dataset": "Microsoft ML Buildings", "license": "ODbL-1.0", "record_id": null, "update_time": "2022-08-15T00:00:00.000Z", "confidence": null, "between": null}], "height": 3.0174927711486816, "is_underground": false, "subtype": "commercial", "class": "commercial", "has_parts": false, "version": 2}}, {"id": "fd11a12b-0667-4249-a8b6-0f42bacf97f0", "type": "Feature", "geometry": {"type": "Polygon", "coordinates": [[[-76.2114828, 36.8545521], [-76.2114417, 36.8545502], [-76.2114295, 36.8547182], [-76.2114707, 36.8547201], [-76.2114828, 36.8545521]]]}, "properties": {"sources": [{"property": "", "dataset": "OpenStreetMap", "license": "ODbL-1.0", "record_id": "w406987982@2", "update_time": "2016-04-23T05:50:42.000Z", "confidence": null, "between": null}, {"property": "/properties/height", "dataset": "Microsoft ML Buildings", "license": "ODbL-1.0", "record_id": null, "update_time": "2022-08-15T00:00:00.000Z", "confidence": null, "between": null}], "height": 3.6681735515594482, "is_underground": false, "subtype": "residential", "class": "residential", "has_parts": false, "version": 2}}, {"id": "8cbabdc4-522d-47b9-8db1-179a04eda85f", "type": "Feature", "geometry": {"type": "Polygon", "coordinates": [[[-76.2113, 36.8545177], [-76.2111765, 36.854398], [-76.2111438, 36.8544197], [-76.2112674, 36.8545395], [-76.2113, 36.8545177]]]}, "properties": {"sources": [{"property": "", "dataset": "OpenStreetMap", "license": "ODbL-1.0", "record_id": "w406987826@2", "update_time": "2016-04-23T05:50:45.000Z", "confidence": null, "between": null}], "is_underground": false, "subtype": "residential", "class": "residential", "has_parts": false, "version": 1}}, {"id": "1689558d-22cf-48e6-98c4-c4d03110ad14", "type": "Feature", "geometry": {"type": "Polygon", "coordinates": [[[-76.2112134, 36.8546332], [-76.2112311, 36.8546211], [-76.2112618, 36.8546503], [-76.2112942, 36.8546283], [-76.2111608, 36.8545015], [-76.2111275, 36.8545242], [-76.2112022, 36.8545951], [-76.2111854, 36.8546066], [-76.2112134, 36.8546332]]]}, "properties": {"sources": [{"property": "", "dataset": "OpenStreetMap", "license": "ODbL-1.0", "record_id": "w406987857@2", "update_time": "2016-04-23T05:50:46.000Z", "confidence": null, "between": null}, {"property": "/properties/height", "dataset": "Microsoft ML Buildings", "license": "ODbL-1.0", "record_id": null, "update_time": "2022-08-15T00:00:00.000Z", "confidence": null, "between": null}], "height": 2.326411008834839, "is_underground": false, "has_parts": false, "version": 2}}, {"id": "b5915fc5-0066-47da-9aea-83b64b912c26", "type": "Feature", "geometry": {"type": "Polygon", "coordinates": [[[-76.2110707, 36.8546458], [-76.2110628, 36.8544847], [-76.2110181, 36.8544861], [-76.211026, 36.8546472], [-76.2110707, 36.8546458]]]}, "properties": {"sources": [{"property": "", "dataset": "OpenStreetMap", "license": "ODbL-1.0", "record_id": "w406987971@2", "update_time": "2016-04-23T05:50:41.000Z", "confidence": null, "between": null}], "is_underground": false, "subtype": "residential", "class": "residential", "has_parts": false, "version": 1}}, {"id": "6f1834e1-4035-4d52-8b94-353be91ac7dd", "type": "Feature", "geometry": {"type": "Polygon", "coordinates": [[[-76.2105206, 36.8545958], [-76.2106542, 36.8547173], [-76.2106423, 36.8548959], [-76.2107155, 36.8548991], [-76.2107139, 36.8549223], [-76.2107529, 36.854924], [-76.2107545, 36.8548999], [-76.210817, 36.8549025], [-76.2108571, 36.854301], [-76.2105412, 36.8542874], [-76.2105206, 36.8545958]]]}, "properties": {"sources": [{"property": "", "dataset": "OpenStreetMap", "license": "ODbL-1.0", "record_id": "w406987813@2", "update_time": "2016-04-23T05:50:33.000Z", "confidence": null, "between": null}, {"property": "/properties/height", "dataset": "Microsoft ML Buildings", "license": "ODbL-1.0", "record_id": null, "update_time": "2022-08-15T00:00:00.000Z", "confidence": null, "between": null}], "height": 5.79990291595459, "is_underground": false, "subtype": "commercial", "class": "commercial", "has_parts": false, "version": 2}}, {"id": "e0865bb4-7995-42c5-bd4e-1582bfc2c9b2", "type": "Feature", "geometry": {"type": "Polygon", "coordinates": [[[-76.2109178, 36.8545809], [-76.2108888, 36.8545797], [-76.2108933, 36.8545068], [-76.2108514, 36.8545051], [-76.2108406, 36.8546787], [-76.2108846, 36.8546805], [-76.210889, 36.854608], [-76.2109161, 36.8546091], [-76.2109178, 36.8545809]]]}, "properties": {"sources": [{"property": "", "dataset": "OpenStreetMap", "license": "ODbL-1.0", "record_id": "w406987848@2", "update_time": "2016-04-23T05:50:47.000Z", "confidence": null, "between": null}], "is_underground": false, "subtype": "residential", "class": "residential", "has_parts": false, "version": 1}}, {"id": "a73a9920-a4b1-4ad2-9a1b-3b165648d11c", "type": "Feature", "geometry": {"type": "Polygon", "coordinates": [[[-76.2110758, 36.8548519], [-76.2110364, 36.8548494], [-76.211031, 36.8549068], [-76.2110704, 36.8549092], [-76.2110758, 36.8548519]]]}, "properties": {"sources": [{"property": "", "dataset": "OpenStreetMap", "license": "ODbL-1.0", "record_id": "w406987976@2", "update_time": "2016-04-23T05:50:41.000Z", "confidence": null, "between": null}], "is_underground": false, "has_parts": false, "version": 1}}, {"id": "1f45d00c-f59e-4171-9059-1356321b09c6", "type": "Feature", "geometry": {"type": "Polygon", "coordinates": [[[-76.2111877, 36.8547658], [-76.2110269, 36.854757], [-76.2110248, 36.8547827], [-76.2111856, 36.8547915], [-76.2111877, 36.8547658]]]}, "properties": {"sources": [{"property": "", "dataset": "OpenStreetMap", "license": "ODbL-1.0", "record_id": "w406987959@2", "update_time": "2016-04-23T05:50:38.000Z", "confidence": null, "between": null}], "is_underground": false, "subtype": "residential", "class": "residential", "has_parts": false, "version": 1}}, {"id": "2ab4edb5-eb06-4a38-aec5-06059aee4077", "type": "Feature", "geometry": {"type": "Polygon", "coordinates": [[[-76.2113158, 36.8548604], [-76.2110953, 36.854851], [-76.2110757, 36.8551313], [-76.2111109, 36.8551329], [-76.2111185, 36.855025], [-76.2111542, 36.8550266], [-76.2111622, 36.8549107], [-76.2112438, 36.8549172], [-76.2113124, 36.8549198], [-76.2113158, 36.8548604]]]}, "properties": {"sources": [{"property": "", "dataset": "OpenStreetMap", "license": "ODbL-1.0", "record_id": "w406987869@2", "update_time": "2016-04-23T05:50:47.000Z", "confidence": null, "between": null}], "is_underground": false, "subtype": "residential", "class": "residential", "has_parts": false, "version": 1}}, {"id": "0697223b-d691-4eeb-b080-b9945dc58090", "type": "Feature", "geometry": {"type": "Polygon", "coordinates": [[[-76.2110615, 36.8551592], [-76.2110705, 36.855018], [-76.211044, 36.8550169], [-76.2110475, 36.854961], [-76.2109796, 36.8549582], [-76.210978, 36.8549846], [-76.2109455, 36.8549833], [-76.2109435, 36.8550133], [-76.2109097, 36.8550119], [-76.2109007, 36.8551526], [-76.2110615, 36.8551592]]]}, "properties": {"sources": [{"property": "", "dataset": "OpenStreetMap", "license": "ODbL-1.0", "record_id": "w406987659@2", "update_time": "2016-04-23T05:50:15.000Z", "confidence": null, "between": null}], "is_underground": false, "subtype": "commercial", "class": "commercial", "has_parts": false, "version": 1}}, {"id": "64285714-7290-45a1-a6f7-475e4611e2d3", "type": "Feature", "geometry": {"type": "Polygon", "coordinates": [[[-76.2113262, 36.8553009], [-76.2113411, 36.8551317], [-76.21133, 36.8551311], [-76.2113322, 36.8551057], [-76.2112118, 36.8550989], [-76.2112094, 36.855126], [-76.2111858, 36.8551247], [-76.2111705, 36.8552986], [-76.2111465, 36.8552972], [-76.211144, 36.8553257], [-76.2113435, 36.8553371], [-76.2113466, 36.8553021], [-76.2113262, 36.8553009]]]}, "properties": {"sources": [{"property": "", "dataset": "OpenStreetMap", "license": "ODbL-1.0", "record_id": "w406987658@2", "update_time": "2016-04-23T05:50:15.000Z", "confidence": null, "between": null}, {"property": "/properties/height", "dataset": "Microsoft ML Buildings", "license": "ODbL-1.0", "record_id": null, "update_time": "2022-08-15T00:00:00.000Z", "confidence": null, "between": null}], "height": 4.743226051330566, "is_underground": false, "subtype": "commercial", "class": "commercial", "has_parts": false, "version": 2}}, {"id": "89eb3319-163a-4c04-899d-917b3d6013cd", "type": "Feature", "geometry": {"type": "Polygon", "coordinates": [[[-76.211447, 36.8552457], [-76.2114027, 36.855244], [-76.2113914, 36.8554344], [-76.2114197, 36.8554355], [-76.2114188, 36.8554496], [-76.2114384, 36.8554503], [-76.2114393, 36.8554356], [-76.2114662, 36.8554366], [-76.2114728, 36.855326], [-76.2114423, 36.8553249], [-76.211447, 36.8552457]]]}, "properties": {"sources": [{"property": "", "dataset": "OpenStreetMap", "license": "ODbL-1.0", "record_id": "w406987657@2", "update_time": "2016-04-23T05:50:15.000Z", "confidence": null, "between": null}, {"property": "/properties/height", "dataset": "Microsoft ML Buildings", "license": "ODbL-1.0", "record_id": null, "update_time": "2022-08-15T00:00:00.000Z", "confidence": null, "between": null}], "height": 2.447218179702759, "is_underground": false, "has_parts": false, "version": 2}}, {"id": "535aea08-490e-4fe8-875e-40b111efc00d", "type": "Feature", "geometry": {"type": "Polygon", "coordinates": [[[-76.2092037, 36.8545397], [-76.2089666, 36.8545301], [-76.2089539, 36.8547327], [-76.2091204, 36.8547394], [-76.2091192, 36.8547586], [-76.2091582, 36.8547602], [-76.2091594, 36.8547402], [-76.209191, 36.8547414], [-76.2091921, 36.8547245], [-76.2092053, 36.854725], [-76.2092071, 36.8546974], [-76.2091938, 36.8546969], [-76.2092037, 36.8545397]]]}, "properties": {"names": {"primary": "Elegant Affairs, Banquet Hall & Event Center", "common": null, "rules": null}, "sources": [{"property": "", "dataset": "OpenStreetMap", "license": "ODbL-1.0", "record_id": "w406984608@3", "update_time": "2025-01-23T00:44:48.000Z", "confidence": null, "between": null}, {"property": "/properties/height", "dataset": "Microsoft ML Buildings", "license": "ODbL-1.0", "record_id": null, "update_time": "2022-08-15T00:00:00.000Z", "confidence": null, "between": null}], "height": 4.437398910522461, "is_underground": false, "subtype": "commercial", "class": "commercial", "has_parts": false, "version": 2}}, {"id": "fa9491a7-1078-4211-924c-c80987fc5314", "type": "Feature", "geometry": {"type": "Polygon", "coordinates": [[[-76.2081017, 36.8552489], [-76.2084012, 36.855264], [-76.2084134, 36.8550171], [-76.2083102, 36.8550151], [-76.2083087, 36.8550628], [-76.2081036, 36.8550542], [-76.2081017, 36.8552489]]]}, "properties": {"names": {"primary": "Advance Auto Parts", "common": null, "rules": null}, "sources": [{"property": "", "dataset": "OpenStreetMap", "license": "ODbL-1.0", "record_id": "w406984686@3", "update_time": "2025-01-23T00:44:48.000Z", "confidence": null, "between": null}, {"property": "/properties/height", "dataset": "Microsoft ML Buildings", "license": "ODbL-1.0", "record_id": null, "update_time": "2022-08-15T00:00:00.000Z", "confidence": null, "between": null}], "level": 1, "height": 4.591499328613281, "is_underground": false, "has_parts": false, "version": 2}}, {"id": "158384cb-f35c-4534-9427-0a8c71b69ebb", "type": "Feature", "geometry": {"type": "Polygon", "coordinates": [[[-76.2074142, 36.8554203], [-76.2074999, 36.8554241], [-76.2075145, 36.8552105], [-76.2074288, 36.8552068], [-76.2074142, 36.8554203]]]}, "properties": {"names": {"primary": "Waffle House", "common": null, "rules": null}, "sources": [{"property": "", "dataset": "OpenStreetMap", "license": "ODbL-1.0", "record_id": "w406984429@5", "update_time": "2025-01-23T00:44:48.000Z", "confidence": null, "between": null}, {"property": "/properties/height", "dataset": "Microsoft ML Buildings", "license": "ODbL-1.0", "record_id": null, "update_time": "2022-08-15T00:00:00.000Z", "confidence": null, "between": null}], "height": 3.3248326778411865, "is_underground": false, "subtype": "commercial", "class": "commercial", "has_parts": false, "version": 2}}, {"id": "57154978-1ec4-4ab9-a31d-796e563d2f06", "type": "Feature", "geometry": {"type": "Polygon", "coordinates": [[[-76.206931, 36.8561341], [-76.2069334, 36.8561006], [-76.2067808, 36.8560948], [-76.2067837, 36.8560416], [-76.2065237, 36.8560311], [-76.2065213, 36.8560554], [-76.2065096, 36.8560542], [-76.2065078, 36.8560912], [-76.2065221, 36.8560932], [-76.2065131, 36.8562458], [-76.206615, 36.8562495], [-76.2066193, 36.8562567], [-76.2066786, 36.8562588], [-76.2066805, 36.8562508], [-76.2067722, 36.8562551], [-76.2067771, 36.8561819], [-76.206931, 36.8561341]]]}, "properties": {"names": {"primary": "Truist", "common": null, "rules": null}, "sources": [{"property": "", "dataset": "OpenStreetMap", "license": "ODbL-1.0", "record_id": "w406989779@4", "update_time": "2025-01-23T00:44:48.000Z", "confidence": null, "between": null}, {"property": "/properties/height", "dataset": "Microsoft ML Buildings", "license": "ODbL-1.0", "record_id": null, "update_time": "2022-08-15T00:00:00.000Z", "confidence": null, "between": null}], "level": 1, "height": 2.6423823833465576, "is_underground": false, "subtype": "commercial", "class": "commercial", "has_parts": false, "version": 2}}, {"id": "cdfb4f89-0008-49fb-92d3-38800976030e", "type": "Feature", "geometry": {"type": "Polygon", "coordinates": [[[-76.2083082, 36.8561486], [-76.2081916, 36.8561435], [-76.2081752, 36.8563855], [-76.2085222, 36.8564007], [-76.2085324, 36.8562497], [-76.2085389, 36.8562499], [-76.2085507, 36.8560755], [-76.2083138, 36.8560652], [-76.2083082, 36.8561486]]]}, "properties": {"names": {"primary": "AAA Norfolk Car Care Center", "common": null, "rules": null}, "sources": [{"property": "", "dataset": "OpenStreetMap", "license": "ODbL-1.0", "record_id": "w406989776@3", "update_time": "2025-01-23T00:44:48.000Z", "confidence": null, "between": null}, {"property": "/properties/height", "dataset": "Microsoft ML Buildings", "license": "ODbL-1.0", "record_id": null, "update_time": "2022-08-15T00:00:00.000Z", "confidence": null, "between": null}], "height": 4.471616744995117, "is_underground": false, "subtype": "commercial", "class": "commercial", "has_parts": false, "version": 2}}, {"id": "9a3f469f-2d99-4f90-88d1-38b53ce429ea", "type": "Feature", "geometry": {"type": "Polygon", "coordinates": [[[-76.2077078, 36.85626], [-76.207688, 36.8562593], [-76.2076831, 36.8563387], [-76.2078703, 36.8563462], [-76.2078767, 36.8562415], [-76.2078943, 36.8562422], [-76.2078969, 36.8562423], [-76.2079061, 36.8560932], [-76.2078011, 36.856089], [-76.2077033, 36.8560851], [-76.2077014, 36.8561153], [-76.2076857, 36.8561147], [-76.207678, 36.8562393], [-76.207709, 36.8562405], [-76.2077078, 36.85626]]]}, "properties": {"names": {"primary": "Applebee's", "common": null, "rules": [{"variant": "official", "language": null, "perspectives": null, "value": "Applebee's Neighborhood Grill & Bar", "between": null, "side": null}]}, "sources": [{"property": "", "dataset": "OpenStreetMap", "license": "ODbL-1.0", "record_id": "w406989777@2", "update_time": "2025-01-23T00:44:48.000Z", "confidence": null, "between": null}, {"property": "/properties/height", "dataset": "Microsoft ML Buildings", "license": "ODbL-1.0", "record_id": null, "update_time": "2022-08-15T00:00:00.000Z", "confidence": null, "between": null}], "height": 4.4077606201171875, "is_underground": false, "subtype": "commercial", "class": "commercial", "has_parts": false, "version": 2}}, {"id": "bd4bb4a1-aded-475b-9ae5-8864624f0723", "type": "Feature", "geometry": {"type": "Polygon", "coordinates": [[[-76.2073655, 36.8564007], [-76.2073671, 36.8563321], [-76.2073269, 36.8563314], [-76.2073253, 36.8564001], [-76.2073655, 36.8564007]]]}, "properties": {"sources": [{"property": "", "dataset": "Microsoft ML Buildings", "license": "ODbL-1.0", "record_id": null, "update_time": "2022-08-15T00:00:00.000Z", "confidence": null, "between": null}], "height": 1.8229166269302368, "is_underground": false, "has_parts": false, "version": 3}}, {"id": "3f0982cc-e7ec-48ba-be1e-a18e9eb61756", "type": "Feature", "geometry": {"type": "Polygon", "coordinates": [[[-76.2073862, 36.8561465], [-76.2073747, 36.856146], [-76.2073723, 36.8561817], [-76.2073867, 36.8561824], [-76.2073843, 36.8562188], [-76.2073985, 36.8562193], [-76.2073712, 36.8563974], [-76.207604, 36.8564081], [-76.2076147, 36.8562387], [-76.2076219, 36.8560616], [-76.2074972, 36.8560574], [-76.2074981, 36.8560433], [-76.2074509, 36.8560413], [-76.2074489, 36.8560712], [-76.20742, 36.85607], [-76.2074203, 36.8560641], [-76.2073992, 36.8560632], [-76.2073985, 36.8560736], [-76.2073898, 36.8560732], [-76.2073894, 36.8560807], [-76.2073802, 36.8560803], [-76.207378, 36.8561142], [-76.2073883, 36.8561147], [-76.2073862, 36.8561465]]]}, "properties": {"names": {"primary": "Discount Tire", "common": null, "rules": null}, "sources": [{"property": "", "dataset": "OpenStreetMap", "license": "ODbL-1.0", "record_id": "w406989778@4", "update_time": "2025-08-06T21:06:36.000Z", "confidence": null, "between": null}, {"property": "/properties/height", "dataset": "Microsoft ML Buildings", "license": "ODbL-1.0", "record_id": null, "update_time": "2022-08-15T00:00:00.000Z", "confidence": null, "between": null}], "height": 5.298797607421875, "is_underground": false, "subtype": "commercial", "class": "commercial", "has_parts": false, "version": 2}}, {"id": "39daddfb-e5bd-4638-a349-c454436e7032", "type": "Feature", "geometry": {"type": "Polygon", "coordinates": [[[-76.2115919, 36.8567175], [-76.2117246, 36.8567233], [-76.2117427, 36.8564372], [-76.2116005, 36.8564312], [-76.2116035, 36.8563779], [-76.211441, 36.8563736], [-76.2114475, 36.856426], [-76.2112822, 36.8564261], [-76.211271, 36.8567069], [-76.2114078, 36.8567095], [-76.2114074, 36.8567237], [-76.2115889, 36.8567283], [-76.2115919, 36.8567175]]]}, "properties": {"sources": [{"property": "", "dataset": "OpenStreetMap", "license": "ODbL-1.0", "record_id": "w406988755@1", "update_time": "2016-04-01T15:31:18.000Z", "confidence": null, "between": null}, {"property": "/properties/height", "dataset": "Microsoft ML Buildings", "license": "ODbL-1.0", "record_id": null, "update_time": "2022-08-15T00:00:00.000Z", "confidence": null, "between": null}], "height": 9.034849166870117, "is_underground": false, "subtype": "commercial", "class": "commercial", "has_parts": false, "version": 2}}, {"id": "73374a72-d9e4-4d94-8b16-ec936a9d82a3", "type": "Feature", "geometry": {"type": "Polygon", "coordinates": [[[-76.2047901, 36.8601169], [-76.2048379, 36.8601642], [-76.2048422, 36.8601685], [-76.2048607, 36.8601867], [-76.2048978, 36.8601629], [-76.2051349, 36.8600103], [-76.2052803, 36.8599168], [-76.2053966, 36.8598419], [-76.2054389, 36.8598147], [-76.2052874, 36.8596621], [-76.2052587, 36.8596331], [-76.2052471, 36.8596214], [-76.2052354, 36.8596096], [-76.2052245, 36.8595986], [-76.2052049, 36.8595789], [-76.2051503, 36.8595238], [-76.2051466, 36.85952], [-76.2050268, 36.8594014], [-76.2050245, 36.8593991], [-76.2050235, 36.8593987], [-76.204969, 36.8593438], [-76.2048217, 36.8591955], [-76.2048172, 36.859191], [-76.2047534, 36.8591267], [-76.2047084, 36.8590814], [-76.2046847, 36.8590576], [-76.2044972, 36.8588687], [-76.2044748, 36.8588462], [-76.2044395, 36.8588106], [-76.2044356, 36.8588067], [-76.204239, 36.8586087], [-76.2042196, 36.8585892], [-76.2041488, 36.8585179], [-76.2041363, 36.8585253], [-76.2041347, 36.8585236], [-76.2040037, 36.8583902], [-76.2040029, 36.8583893], [-76.2040037, 36.8583889], [-76.2040132, 36.8583836], [-76.2040106, 36.858381], [-76.2039953, 36.8583657], [-76.2039832, 36.8583536], [-76.2037917, 36.8581618], [-76.2037733, 36.8581435], [-76.2037672, 36.8581374], [-76.2035476, 36.8579176], [-76.2034713, 36.8578411], [-76.2034675, 36.857844], [-76.2034671, 36.8578436], [-76.2034211, 36.857797], [-76.203378, 36.8577533], [-76.2032013, 36.8575743], [-76.2031103, 36.8574818], [-76.2031121, 36.8574806], [-76.2031115, 36.85748], [-76.2030101, 36.857378], [-76.2030046, 36.8573724], [-76.2029659, 36.8573335], [-76.2028813, 36.8572484], [-76.2027603, 36.8571266], [-76.2027286, 36.8570948], [-76.2027164, 36.8570825], [-76.2027109, 36.857077], [-76.2026336, 36.8569992], [-76.2025983, 36.8569637], [-76.2025779, 36.8569431], [-76.2025692, 36.8569344], [-76.2025167, 36.8568818], [-76.2023074, 36.8566718], [-76.2022849, 36.8566865], [-76.2022655, 36.8566992], [-76.2022459, 36.856712], [-76.202231, 36.856697], [-76.2021493, 36.8566145], [-76.2020852, 36.8565497], [-76.2020485, 36.8565126], [-76.202035, 36.856499], [-76.2019835, 36.8564469], [-76.2018936, 36.8563561], [-76.2017501, 36.8564474], [-76.2016985, 36.8564803], [-76.2015586, 36.8565693], [-76.2015281, 36.8565887], [-76.2014895, 36.8566133], [-76.2014943, 36.856618], [-76.2016232, 36.8567471], [-76.2016856, 36.8568096], [-76.2017021, 36.8567991], [-76.2017624, 36.8567609], [-76.2018336, 36.8567156], [-76.201834, 36.856716], [-76.201861, 36.8567435], [-76.2018947, 36.8567779], [-76.2019375, 36.8568216], [-76.2019602, 36.8568448], [-76.2020466, 36.8569329], [-76.2020513, 36.8569298], [-76.2020518, 36.8569303], [-76.2020941, 36.8569722], [-76.2021439, 36.8570221], [-76.2021574, 36.8570356], [-76.2021885, 36.8570667], [-76.2022643, 36.8571427], [-76.2021408, 36.8572231], [-76.2020406, 36.8572882], [-76.2020156, 36.8572618], [-76.2020109, 36.8572568], [-76.201991, 36.8572699], [-76.20198, 36.8572771], [-76.2019183, 36.8573176], [-76.2019123, 36.8573216], [-76.2019269, 36.8573363], [-76.2019843, 36.8573945], [-76.2021551, 36.8575673], [-76.2021893, 36.8575455], [-76.2022119, 36.8575311], [-76.2023155, 36.8576354], [-76.2023343, 36.8576543], [-76.2024247, 36.8577453], [-76.2024275, 36.8577436], [-76.2024281, 36.8577442], [-76.2024459, 36.8577631], [-76.2025277, 36.8578497], [-76.2025746, 36.8578194], [-76.2026094, 36.8577969], [-76.2026661, 36.8577604], [-76.202667, 36.8577614], [-76.2027759, 36.8578704], [-76.2027873, 36.8578818], [-76.2027978, 36.8578923], [-76.2028086, 36.8579031], [-76.202986, 36.8580806], [-76.2030298, 36.8581245], [-76.2029881, 36.8581526], [-76.202987, 36.8581534], [-76.2030831, 36.8582507], [-76.203085, 36.8582494], [-76.2031899, 36.8581817], [-76.2031976, 36.8581895], [-76.2031321, 36.858234], [-76.2031847, 36.8582865], [-76.203208, 36.8583099], [-76.2032908, 36.8583926], [-76.2032278, 36.8584336], [-76.2032705, 36.8584762], [-76.203281, 36.8584867], [-76.2032798, 36.8584875], [-76.2032287, 36.8585212], [-76.2032113, 36.8585327], [-76.203364, 36.8586859], [-76.2035661, 36.8588886], [-76.2035876, 36.8589102], [-76.2036697, 36.8589926], [-76.2036688, 36.8589931], [-76.2036343, 36.8590125], [-76.2037402, 36.859118], [-76.2037532, 36.8591309], [-76.2038228, 36.8592002], [-76.2038016, 36.8592127], [-76.2038116, 36.8592223], [-76.2038482, 36.8592575], [-76.2037907, 36.859294], [-76.2038095, 36.859313], [-76.2038159, 36.8593195], [-76.2038724, 36.8592837], [-76.2039576, 36.8593692], [-76.203961, 36.8593726], [-76.2039654, 36.8593698], [-76.203966, 36.8593694], [-76.2040012, 36.8593467], [-76.2040149, 36.8593379], [-76.2041256, 36.8592666], [-76.204214, 36.8592097], [-76.2043039, 36.8593009], [-76.2043309, 36.8593284], [-76.2043753, 36.8593734], [-76.2044427, 36.8593299], [-76.2044792, 36.8593662], [-76.2044907, 36.8593776], [-76.204546, 36.8594326], [-76.2044783, 36.8594758], [-76.204507, 36.8595031], [-76.2045125, 36.8595084], [-76.2045117, 36.8595088], [-76.2044791, 36.8595304], [-76.2044589, 36.8595437], [-76.2044621, 36.8595469], [-76.2044974, 36.8595827], [-76.2045316, 36.8596174], [-76.2045201, 36.8596254], [-76.2044776, 36.8595822], [-76.204477, 36.8595816], [-76.2044761, 36.8595822], [-76.2044499, 36.8595995], [-76.2044459, 36.8595959], [-76.2044449, 36.8595966], [-76.2044319, 36.8596052], [-76.2044198, 36.8596132], [-76.204381, 36.8596388], [-76.2043399, 36.859666], [-76.2043735, 36.8596996], [-76.2043951, 36.8597211], [-76.2044219, 36.8597478], [-76.2044691, 36.8597949], [-76.2045042, 36.8598299], [-76.2044792, 36.8598466], [-76.2044584, 36.8598604], [-76.2044559, 36.8598621], [-76.2044885, 36.8598939], [-76.2044944, 36.8598996], [-76.2045395, 36.8598697], [-76.2046138, 36.8599435], [-76.2046231, 36.8599527], [-76.2046711, 36.8600004], [-76.2046923, 36.8600214], [-76.2047238, 36.8600015], [-76.2049617, 36.8598511], [-76.2049727, 36.8598611], [-76.2047574, 36.8600022], [-76.2047073, 36.860035], [-76.2047901, 36.8601169]]]}, "properties": {"sources": [{"property": "", "dataset": "OpenStreetMap", "license": "ODbL-1.0", "record_id": "w406990070@2", "update_time": "2020-09-27T02:08:12.000Z", "confidence": null, "between": null}, {"property": "/properties/height", "dataset": "Microsoft ML Buildings", "license": "ODbL-1.0", "record_id": null, "update_time": "2022-08-15T00:00:00.000Z", "confidence": null, "between": null}], "height": 5.978493690490723, "is_underground": false, "subtype": "commercial", "class": "commercial", "has_parts": false, "version": 2}}, {"id": "33393d54-ce69-445d-bf92-1f5218255754", "type": "Feature", "geometry": {"type": "Polygon", "coordinates": [[[-76.2038438, 36.8562708], [-76.2038135, 36.8562537], [-76.203805, 36.8562636], [-76.2037527, 36.8562341], [-76.2036719, 36.8563268], [-76.2038262, 36.8564137], [-76.2039081, 36.8563199], [-76.2038363, 36.8562794], [-76.2038438, 36.8562708]]]}, "properties": {"names": {"primary": "Popeyes", "common": null, "rules": [{"variant": "official", "language": null, "perspectives": null, "value": "Popeyes Louisiana Kitchen", "between": null, "side": null}]}, "sources": [{"property": "", "dataset": "OpenStreetMap", "license": "ODbL-1.0", "record_id": "w406990328@6", "update_time": "2025-01-23T00:44:48.000Z", "confidence": null, "between": null}, {"property": "/properties/height", "dataset": "Microsoft ML Buildings", "license": "ODbL-1.0", "record_id": null, "update_time": "2022-08-15T00:00:00.000Z", "confidence": null, "between": null}], "height": 4.8822855949401855, "is_underground": false, "subtype": "commercial", "has_parts": false, "version": 2}}, {"id": "25f596cc-c340-4802-8150-ee4e30354ef5", "type": "Feature", "geometry": {"type": "Polygon", "coordinates": [[[-76.2059459, 36.8564933], [-76.2058368, 36.8565716], [-76.2053136, 36.8569472], [-76.2053058, 36.8569527], [-76.2053322, 36.8569765], [-76.2052924, 36.8570051], [-76.2054543, 36.8571507], [-76.2055012, 36.857117], [-76.2055039, 36.8571151], [-76.2062427, 36.8577797], [-76.2068696, 36.8573297], [-76.2069502, 36.8572718], [-76.2067116, 36.8570572], [-76.2066326, 36.857114], [-76.2066302, 36.8571156], [-76.2065836, 36.8570737], [-76.2065862, 36.8570718], [-76.2067217, 36.8569746], [-76.2066642, 36.8569229], [-76.2063998, 36.856685], [-76.2062659, 36.8567811], [-76.2062638, 36.8567792], [-76.2061001, 36.856632], [-76.2059459, 36.8564933]]]}, "properties": {"names": {"primary": "BJ's Wholesale Club", "common": null, "rules": null}, "sources": [{"property": "", "dataset": "OpenStreetMap", "license": "ODbL-1.0", "record_id": "w406989781@2", "update_time": "2025-01-23T00:44:48.000Z", "confidence": null, "between": null}, {"property": "/properties/height", "dataset": "Microsoft ML Buildings", "license": "ODbL-1.0", "record_id": null, "update_time": "2022-08-15T00:00:00.000Z", "confidence": null, "between": null}], "height": 8.272553443908691, "is_underground": false, "subtype": "commercial", "class": "commercial", "has_parts": false, "version": 2}}, {"id": "3885ea88-ee51-4d39-9d48-24a706e918b6", "type": "Feature", "geometry": {"type": "Polygon", "coordinates": [[[-76.2040021, 36.8559577], [-76.2040957, 36.8559619], [-76.2040908, 36.856034], [-76.2041788, 36.8560379], [-76.2041969, 36.8557741], [-76.2041209, 36.8557707], [-76.2041171, 36.8558254], [-76.2040115, 36.8558207], [-76.2040021, 36.8559577]]]}, "properties": {"names": {"primary": "American Transmission Centers", "common": null, "rules": null}, "sources": [{"property": "", "dataset": "OpenStreetMap", "license": "ODbL-1.0", "record_id": "w406989791@3", "update_time": "2025-01-23T00:44:48.000Z", "confidence": null, "between": null}, {"property": "/properties/height", "dataset": "Microsoft ML Buildings", "license": "ODbL-1.0", "record_id": null, "update_time": "2022-08-15T00:00:00.000Z", "confidence": null, "between": null}], "height": 3.6103200912475586, "is_underground": false, "subtype": "commercial", "class": "commercial", "has_parts": false, "version": 2}}, {"id": "1f6a7083-1a49-400c-b0ca-7b3cd65f1c58", "type": "Feature", "geometry": {"type": "Polygon", "coordinates": [[[-76.2048425, 36.8562948], [-76.2048606, 36.8558731], [-76.2048324, 36.8558724], [-76.2046606, 36.8558676], [-76.2046554, 36.8559883], [-76.2047258, 36.8559902], [-76.2047128, 36.8562913], [-76.2048161, 36.8562941], [-76.2048425, 36.8562948]]]}, "properties": {"names": {"primary": "Autobell", "common": null, "rules": null}, "sources": [{"property": "", "dataset": "OpenStreetMap", "license": "ODbL-1.0", "record_id": "w406990208@5", "update_time": "2025-12-05T04:29:18.000Z", "confidence": null, "between": null}, {"property": "/properties/height", "dataset": "Microsoft ML Buildings", "license": "ODbL-1.0", "record_id": null, "update_time": "2022-08-15T00:00:00.000Z", "confidence": null, "between": null}], "level": 1, "height": 2.9659149646759033, "is_underground": false, "subtype": "commercial", "class": "commercial", "has_parts": false, "version": 2}}, {"id": "c790a55a-aa3a-41a9-a56f-1148572678e7", "type": "Feature", "geometry": {"type": "Polygon", "coordinates": [[[-76.2052574, 36.8561105], [-76.2052601, 36.856069], [-76.2052526, 36.8560686], [-76.2052598, 36.8559588], [-76.2052472, 36.8559583], [-76.2052488, 36.8559336], [-76.2051357, 36.8559288], [-76.2051341, 36.8559533], [-76.20512, 36.8559527], [-76.2051095, 36.8561134], [-76.2051218, 36.8561139], [-76.2051159, 36.8562041], [-76.2052428, 36.8562094], [-76.2052492, 36.8561101], [-76.2052574, 36.8561105]]]}, "properties": {"names": {"primary": "El Rodeo", "common": null, "rules": null}, "sources": [{"property": "", "dataset": "OpenStreetMap", "license": "ODbL-1.0", "record_id": "w406989786@3", "update_time": "2025-01-23T00:44:48.000Z", "confidence": null, "between": null}, {"property": "/properties/height", "dataset": "Microsoft ML Buildings", "license": "ODbL-1.0", "record_id": null, "update_time": "2022-08-15T00:00:00.000Z", "confidence": null, "between": null}], "height": 3.7227652072906494, "is_underground": false, "subtype": "commercial", "class": "commercial", "has_parts": false, "version": 2}}, {"id": "6c9b8daa-c96d-4d63-b13f-365066210f6a", "type": "Feature", "geometry": {"type": "Polygon", "coordinates": [[[-76.2060182, 36.8560214], [-76.2059432, 36.8560195], [-76.2059407, 36.8560816], [-76.2060157, 36.8560836], [-76.2060182, 36.8560214]]]}, "properties": {"sources": [{"property": "", "dataset": "Microsoft ML Buildings", "license": "ODbL-1.0", "record_id": null, "update_time": "2022-08-15T00:00:00.000Z", "confidence": null, "between": null}], "height": 1.0, "is_underground": false, "has_parts": false, "version": 3}}, {"id": "3a836191-5749-41a3-b215-66686abbb8a3", "type": "Feature", "geometry": {"type": "Polygon", "coordinates": [[[-76.2057415, 36.8559572], [-76.2057451, 36.8558995], [-76.2056631, 36.8558961], [-76.2056595, 36.8559536], [-76.2056546, 36.8560306], [-76.2056499, 36.8561038], [-76.2056449, 36.8561839], [-76.2056406, 36.8562516], [-76.2056367, 36.8563128], [-76.2057189, 36.8563161], [-76.2057228, 36.8562544], [-76.205727, 36.8561866], [-76.2057321, 36.8561054], [-76.2057366, 36.8560349], [-76.2057415, 36.8559572]]]}, "properties": {"names": {"primary": "BJ's Gas Station", "common": null, "rules": null}, "sources": [{"property": "", "dataset": "OpenStreetMap", "license": "ODbL-1.0", "record_id": "w851948243@3", "update_time": "2025-04-21T11:52:07.000Z", "confidence": null, "between": null}], "is_underground": false, "subtype": "outbuilding", "class": "roof", "has_parts": false, "version": 1}}, {"id": "5ab69f92-226e-4ffe-80fa-34f40f859471", "type": "Feature", "geometry": {"type": "Polygon", "coordinates": [[[-76.2055287, 36.8553926], [-76.2055388, 36.8552086], [-76.2053519, 36.8552021], [-76.2053418, 36.8553861], [-76.2055287, 36.8553926]]]}, "properties": {"names": {"primary": "7-Eleven", "common": null, "rules": null}, "sources": [{"property": "", "dataset": "OpenStreetMap", "license": "ODbL-1.0", "record_id": "w406984654@3", "update_time": "2025-01-23T00:44:48.000Z", "confidence": null, "between": null}, {"property": "/properties/height", "dataset": "Microsoft ML Buildings", "license": "ODbL-1.0", "record_id": null, "update_time": "2022-08-15T00:00:00.000Z", "confidence": null, "between": null}], "height": 4.803767204284668, "is_underground": false, "subtype": "commercial", "class": "commercial", "has_parts": false, "version": 2}}, {"id": "cbd99d08-b93b-4886-acf0-232bb5dbc3d1", "type": "Feature", "geometry": {"type": "Polygon", "coordinates": [[[-76.2057565, 36.8551203], [-76.2057576, 36.8550859], [-76.205633, 36.8550835], [-76.2056338, 36.855115], [-76.2057565, 36.8551203]]]}, "properties": {"sources": [{"property": "", "dataset": "OpenStreetMap", "license": "ODbL-1.0", "record_id": "w406984634@1", "update_time": "2016-04-01T15:11:14.000Z", "confidence": null, "between": null}], "is_underground": false, "subtype": "commercial", "class": "commercial", "has_parts": false, "version": 1}}, {"id": "6f8ce77d-78bf-47f2-827d-87d6d4a62704", "type": "Feature", "geometry": {"type": "Polygon", "coordinates": [[[-76.205755, 36.855344], [-76.205881, 36.8553483], [-76.2058878, 36.8552214], [-76.2057618, 36.8552171], [-76.205755, 36.855344]]]}, "properties": {"names": {"primary": "7-Eleven", "common": null, "rules": null}, "sources": [{"property": "", "dataset": "OpenStreetMap", "license": "ODbL-1.0", "record_id": "w406984656@3", "update_time": "2025-01-23T00:44:48.000Z", "confidence": null, "between": null}, {"property": "/properties/height", "dataset": "Microsoft ML Buildings", "license": "ODbL-1.0", "record_id": null, "update_time": "2022-08-15T00:00:00.000Z", "confidence": null, "between": null}], "height": 3.3770928382873535, "is_underground": false, "subtype": "commercial", "class": "commercial", "has_parts": false, "version": 2}}, {"id": "fc05705a-f197-4991-9b82-544adc6ecb36", "type": "Feature", "geometry": {"type": "Polygon", "coordinates": [[[-76.20579, 36.854743], [-76.2057353, 36.8547531], [-76.2057657, 36.8548754], [-76.2057658, 36.8548897], [-76.2056914, 36.8548866], [-76.2056879, 36.854918], [-76.205862, 36.8549264], [-76.2058639, 36.8548937], [-76.205823, 36.8548915], [-76.2058229, 36.8548798], [-76.20579, 36.854743]]]}, "properties": {"sources": [{"property": "", "dataset": "OpenStreetMap", "license": "ODbL-1.0", "record_id": "w406984475@4", "update_time": "2025-01-23T00:44:48.000Z", "confidence": null, "between": null}], "level": 1, "is_underground": false, "subtype": "commercial", "class": "commercial", "has_parts": false, "version": 1}}, {"id": "26390c84-144d-4e1a-8bbc-c974b4279467", "type": "Feature", "geometry": {"type": "Polygon", "coordinates": [[[-76.2030877, 36.8550404], [-76.202914, 36.8550346], [-76.2029116, 36.8550718], [-76.2029022, 36.855072], [-76.202901, 36.8551067], [-76.2028539, 36.8551086], [-76.202856, 36.8551517], [-76.2028958, 36.8551499], [-76.2028965, 36.8551601], [-76.2031317, 36.8551678], [-76.2031354, 36.8550812], [-76.2030857, 36.855078], [-76.2030877, 36.8550404]]]}, "properties": {"sources": [{"property": "", "dataset": "OpenStreetMap", "license": "ODbL-1.0", "record_id": "w406984551@2", "update_time": "2018-01-23T15:48:31.000Z", "confidence": null, "between": null}, {"property": "/properties/height", "dataset": "Microsoft ML Buildings", "license": "ODbL-1.0", "record_id": null, "update_time": "2022-08-15T00:00:00.000Z", "confidence": null, "between": null}], "height": 5.425047874450684, "is_underground": false, "subtype": "commercial", "class": "commercial", "has_parts": false, "version": 2}}, {"id": "ff93674e-a9db-431b-8c6d-4f881b5f2051", "type": "Feature", "geometry": {"type": "Polygon", "coordinates": [[[-76.2026885, 36.8557287], [-76.2026263, 36.8557267], [-76.2026147, 36.8559585], [-76.2026228, 36.8559587], [-76.2026184, 36.8560482], [-76.2026471, 36.8560491], [-76.2026458, 36.8560758], [-76.2027906, 36.8560805], [-76.2027914, 36.8560639], [-76.2028686, 36.8560664], [-76.2028735, 36.8559695], [-76.2028856, 36.8559699], [-76.2028972, 36.8557369], [-76.2028358, 36.855735], [-76.2028365, 36.8557224], [-76.2026891, 36.8557177], [-76.2026885, 36.8557287]]]}, "properties": {"names": {"primary": "Olive Garden", "common": null, "rules": null}, "sources": [{"property": "", "dataset": "OpenStreetMap", "license": "ODbL-1.0", "record_id": "w406989805@5", "update_time": "2025-01-23T00:44:48.000Z", "confidence": null, "between": null}, {"property": "/properties/height", "dataset": "Microsoft ML Buildings", "license": "ODbL-1.0", "record_id": null, "update_time": "2022-08-15T00:00:00.000Z", "confidence": null, "between": null}], "height": 4.635643005371094, "is_underground": false, "subtype": "commercial", "class": "commercial", "has_parts": false, "version": 2}}, {"id": "b7a72c4e-1962-4d1c-8911-1dc2b546ca62", "type": "Feature", "geometry": {"type": "Polygon", "coordinates": [[[-76.2025546, 36.8556924], [-76.2021448, 36.8556753], [-76.2021291, 36.855919], [-76.2025388, 36.8559361], [-76.2025546, 36.8556924]]]}, "properties": {"sources": [{"property": "", "dataset": "OpenStreetMap", "license": "ODbL-1.0", "record_id": "w406989818@6", "update_time": "2025-01-23T00:44:48.000Z", "confidence": null, "between": null}, {"property": "/properties/height", "dataset": "Microsoft ML Buildings", "license": "ODbL-1.0", "record_id": null, "update_time": "2022-08-15T00:00:00.000Z", "confidence": null, "between": null}], "height": 5.408912181854248, "is_underground": false, "subtype": "commercial", "class": "commercial", "has_parts": false, "version": 2}}, {"id": "a296fbaa-5450-41f1-888c-6bfd6512e26e", "type": "Feature", "geometry": {"type": "Polygon", "coordinates": [[[-76.2011249, 36.8550529], [-76.2011221, 36.8550528], [-76.2011154, 36.8551631], [-76.2012445, 36.8551682], [-76.2012512, 36.8550585], [-76.2012449, 36.8550583], [-76.2012522, 36.8549395], [-76.2011322, 36.8549347], [-76.2011249, 36.8550529]]]}, "properties": {"names": {"primary": "Sunsplash Caribbean Restaurant", "common": null, "rules": null}, "sources": [{"property": "", "dataset": "OpenStreetMap", "license": "ODbL-1.0", "record_id": "w406984562@5", "update_time": "2025-01-23T00:44:48.000Z", "confidence": null, "between": null}, {"property": "/properties/height", "dataset": "Microsoft ML Buildings", "license": "ODbL-1.0", "record_id": null, "update_time": "2022-08-15T00:00:00.000Z", "confidence": null, "between": null}], "height": 4.103522300720215, "is_underground": false, "subtype": "commercial", "has_parts": false, "version": 2}}, {"id": "b9c44e55-ae0e-4c99-acd0-ae3f11b37bcd", "type": "Feature", "geometry": {"type": "Polygon", "coordinates": [[[-76.2005605, 36.8552275], [-76.2005757, 36.8549852], [-76.200539, 36.8549474], [-76.2004582, 36.8549445], [-76.2004421, 36.8552249], [-76.2005605, 36.8552275]]]}, "properties": {"names": {"primary": "NTB", "common": null, "rules": [{"variant": "alternate", "language": null, "perspectives": null, "value": "National Tire and Battery", "between": null, "side": null}]}, "sources": [{"property": "", "dataset": "OpenStreetMap", "license": "ODbL-1.0", "record_id": "w406984565@8", "update_time": "2025-01-23T00:44:48.000Z", "confidence": null, "between": null}, {"property": "/properties/height", "dataset": "Microsoft ML Buildings", "license": "ODbL-1.0", "record_id": null, "update_time": "2022-08-15T00:00:00.000Z", "confidence": null, "between": null}], "height": 4.87870454788208, "is_underground": false, "has_parts": false, "version": 2}}, {"id": "87b3960e-0ad0-4373-aa1a-175450b3dbee", "type": "Feature", "geometry": {"type": "Polygon", "coordinates": [[[-76.2002975, 36.8549227], [-76.199981, 36.8549116], [-76.1999617, 36.8552041], [-76.2001664, 36.8552129], [-76.2001717, 36.8551364], [-76.2002835, 36.8551422], [-76.2002975, 36.8549227]]]}, "properties": {"names": {"primary": "Upscale Men's Fashion", "common": null, "rules": null}, "sources": [{"property": "", "dataset": "OpenStreetMap", "license": "ODbL-1.0", "record_id": "w406984629@3", "update_time": "2025-01-23T00:44:48.000Z", "confidence": null, "between": null}, {"property": "/properties/height", "dataset": "Microsoft ML Buildings", "license": "ODbL-1.0", "record_id": null, "update_time": "2022-08-15T00:00:00.000Z", "confidence": null, "between": null}], "height": 5.248629093170166, "is_underground": false, "subtype": "commercial", "class": "commercial", "has_parts": false, "version": 2}}, {"id": "9cb56e17-d23f-46e6-8d7b-aef66d210a49", "type": "Feature", "geometry": {"type": "Polygon", "coordinates": [[[-76.1992084, 36.854937], [-76.1992773, 36.855042], [-76.1992404, 36.8550563], [-76.1992296, 36.8550613], [-76.1992296, 36.8550642], [-76.1992442, 36.855085], [-76.1992455, 36.8550865], [-76.1992476, 36.8550873], [-76.19926, 36.8550875], [-76.1993019, 36.8550657], [-76.1993071, 36.8550722], [-76.1993323, 36.8550625], [-76.1993424, 36.855048], [-76.1993763, 36.8550335], [-76.1993781, 36.8550297], [-76.1993648, 36.8550065], [-76.1993611, 36.8550053], [-76.1993568, 36.8550054], [-76.1993139, 36.855023], [-76.1992488, 36.8549199], [-76.1992084, 36.854937]]]}, "properties": {"names": {"primary": "Pelican's SnoBalls", "common": null, "rules": null}, "sources": [{"property": "", "dataset": "OpenStreetMap", "license": "ODbL-1.0", "record_id": "w406984568@5", "update_time": "2025-01-27T03:27:01.000Z", "confidence": null, "between": null}], "is_underground": false, "subtype": "commercial", "class": "commercial", "has_parts": false, "version": 1}}, {"id": "b2e781dc-c149-4976-a21e-0b519d97c9fd", "type": "Feature", "geometry": {"type": "Polygon", "coordinates": [[[-76.2000368, 36.8558132], [-76.2000487, 36.8556396], [-76.1999091, 36.8556358], [-76.199899, 36.8557688], [-76.1999434, 36.8558095], [-76.2000368, 36.8558132]]]}, "properties": {"sources": [{"property": "", "dataset": "OpenStreetMap", "license": "ODbL-1.0", "record_id": "w406989893@2", "update_time": "2016-04-23T06:13:07.000Z", "confidence": null, "between": null}, {"property": "/properties/height", "dataset": "Microsoft ML Buildings", "license": "ODbL-1.0", "record_id": null, "update_time": "2022-08-15T00:00:00.000Z", "confidence": null, "between": null}], "height": 5.163118839263916, "is_underground": false, "subtype": "commercial", "class": "commercial", "has_parts": false, "version": 2}}, {"id": "c62b07b9-0946-4bd4-aa90-3dc3665cf779", "type": "Feature", "geometry": {"type": "Polygon", "coordinates": [[[-76.1990424, 36.8556953], [-76.1990382, 36.8557577], [-76.1991602, 36.8557629], [-76.1991646, 36.855697], [-76.1991754, 36.8556975], [-76.1991837, 36.8555729], [-76.1990245, 36.8555661], [-76.199016, 36.8556942], [-76.1990424, 36.8556953]]]}, "properties": {"sources": [{"property": "", "dataset": "OpenStreetMap", "license": "ODbL-1.0", "record_id": "w406989908@2", "update_time": "2016-04-23T06:13:07.000Z", "confidence": null, "between": null}, {"property": "/properties/height", "dataset": "Microsoft ML Buildings", "license": "ODbL-1.0", "record_id": null, "update_time": "2022-08-15T00:00:00.000Z", "confidence": null, "between": null}], "height": 4.649431228637695, "is_underground": false, "subtype": "commercial", "class": "commercial", "has_parts": false, "version": 2}}, {"id": "fb7c6d4c-e498-4f7a-a595-3f8b8fe46e10", "type": "Feature", "geometry": {"type": "Polygon", "coordinates": [[[-76.1990668, 36.8561718], [-76.1990672, 36.8561659], [-76.199101, 36.8561673], [-76.1991051, 36.8561034], [-76.1990698, 36.8561019], [-76.1990706, 36.8560892], [-76.1989425, 36.8560838], [-76.1989371, 36.8561663], [-76.1990668, 36.8561718]]]}, "properties": {"sources": [{"property": "", "dataset": "OpenStreetMap", "license": "ODbL-1.0", "record_id": "w406989910@2", "update_time": "2017-08-18T15:55:19.000Z", "confidence": null, "between": null}, {"property": "/properties/height", "dataset": "Microsoft ML Buildings", "license": "ODbL-1.0", "record_id": null, "update_time": "2022-08-15T00:00:00.000Z", "confidence": null, "between": null}], "height": 6.128366947174072, "is_underground": false, "subtype": "residential", "class": "detached", "has_parts": false, "version": 2}}, {"id": "6d812d67-380b-4e72-8151-9fc9cdce04bf", "type": "Feature", "geometry": {"type": "Polygon", "coordinates": [[[-76.1993448, 36.8559852], [-76.1993022, 36.8559836], [-76.1993009, 36.8560075], [-76.199343, 36.8560091], [-76.199342, 36.856027], [-76.1993923, 36.8560288], [-76.1993948, 36.855984], [-76.199345, 36.8559822], [-76.1993448, 36.8559852]]]}, "properties": {"sources": [{"property": "", "dataset": "OpenStreetMap", "license": "ODbL-1.0", "record_id": "w406990340@1", "update_time": "2016-04-01T15:40:09.000Z", "confidence": null, "between": null}], "is_underground": false, "has_parts": false, "version": 1}}, {"id": "7c2b4555-0166-4139-9d0d-4569aba910ec", "type": "Feature", "geometry": {"type": "Polygon", "coordinates": [[[-76.1993218, 36.8561614], [-76.1993211, 36.8561718], [-76.1993596, 36.8561734], [-76.1993636, 36.8561119], [-76.1993709, 36.8561122], [-76.1993737, 36.85607], [-76.1993249, 36.856068], [-76.1993243, 36.856077], [-76.1992079, 36.8560722], [-76.1992026, 36.8561541], [-76.199246, 36.8561559], [-76.1992459, 36.8561582], [-76.1993218, 36.8561614]]]}, "properties": {"sources": [{"property": "", "dataset": "OpenStreetMap", "license": "ODbL-1.0", "record_id": "w406989906@3", "update_time": "2017-08-18T15:55:19.000Z", "confidence": null, "between": null}, {"property": "/properties/height", "dataset": "Microsoft ML Buildings", "license": "ODbL-1.0", "record_id": null, "update_time": "2022-08-15T00:00:00.000Z", "confidence": null, "between": null}], "height": 5.861849308013916, "is_underground": false, "subtype": "residential", "class": "detached", "has_parts": false, "version": 2}}, {"id": "057a3454-37b3-45ed-871b-832029c6e590", "type": "Feature", "geometry": {"type": "Polygon", "coordinates": [[[-76.1995679, 36.8561076], [-76.1994398, 36.856103], [-76.1994353, 36.8561868], [-76.1995629, 36.8561913], [-76.1995632, 36.8561855], [-76.1995989, 36.8561868], [-76.1996025, 36.8561214], [-76.1995673, 36.8561202], [-76.1995679, 36.8561076]]]}, "properties": {"sources": [{"property": "", "dataset": "OpenStreetMap", "license": "ODbL-1.0", "record_id": "w406989903@2", "update_time": "2017-08-18T15:55:18.000Z", "confidence": null, "between": null}, {"property": "/properties/height", "dataset": "Microsoft ML Buildings", "license": "ODbL-1.0", "record_id": null, "update_time": "2022-08-15T00:00:00.000Z", "confidence": null, "between": null}], "height": 4.529979705810547, "is_underground": false, "subtype": "residential", "class": "detached", "has_parts": false, "version": 2}}, {"id": "a80cb277-d624-4147-936f-44efa840c73c", "type": "Feature", "geometry": {"type": "Polygon", "coordinates": [[[-76.1994603, 36.8556223], [-76.1994457, 36.8558379], [-76.1995557, 36.8558427], [-76.1995481, 36.8559554], [-76.1998868, 36.8559702], [-76.1998979, 36.8558064], [-76.1997598, 36.8558004], [-76.1997709, 36.8556359], [-76.1994603, 36.8556223]]]}, "properties": {"sources": [{"property": "", "dataset": "OpenStreetMap", "license": "ODbL-1.0", "record_id": "w406990035@2", "update_time": "2016-04-23T06:13:26.000Z", "confidence": null, "between": null}, {"property": "/properties/height", "dataset": "Microsoft ML Buildings", "license": "ODbL-1.0", "record_id": null, "update_time": "2022-08-15T00:00:00.000Z", "confidence": null, "between": null}], "height": 5.1372151374816895, "is_underground": false, "subtype": "commercial", "class": "commercial", "has_parts": false, "version": 2}}, {"id": "84d34580-b45f-44f3-9011-c410310bd729", "type": "Feature", "geometry": {"type": "Polygon", "coordinates": [[[-76.1999223, 36.8559889], [-76.2000537, 36.8559872], [-76.2000528, 36.8559465], [-76.1999215, 36.8559482], [-76.1999223, 36.8559889]]]}, "properties": {"sources": [{"property": "", "dataset": "Microsoft ML Buildings", "license": "ODbL-1.0", "record_id": null, "update_time": "2022-08-15T00:00:00.000Z", "confidence": null, "between": null}], "height": 3.131042003631592, "is_underground": false, "has_parts": false, "version": 3}}, {"id": "b8918fdc-b031-47eb-aa5e-4c733b4a4d1a", "type": "Feature", "geometry": {"type": "Polygon", "coordinates": [[[-76.2003585, 36.855957], [-76.2003736, 36.855707], [-76.2001897, 36.8556997], [-76.2001748, 36.85595], [-76.2003585, 36.855957]]]}, "properties": {"sources": [{"property": "", "dataset": "OpenStreetMap", "license": "ODbL-1.0", "record_id": "w406989884@2", "update_time": "2016-04-23T06:13:36.000Z", "confidence": null, "between": null}, {"property": "/properties/height", "dataset": "Microsoft ML Buildings", "license": "ODbL-1.0", "record_id": null, "update_time": "2022-08-15T00:00:00.000Z", "confidence": null, "between": null}], "height": 4.705810546875, "is_underground": false, "subtype": "commercial", "class": "commercial", "has_parts": false, "version": 2}}, {"id": "f6732a0b-0ae3-45d5-ba3d-1be6a63b6757", "type": "Feature", "geometry": {"type": "Polygon", "coordinates": [[[-76.2008473, 36.8558176], [-76.2004981, 36.8558048], [-76.2004825, 36.8560794], [-76.2006027, 36.8560838], [-76.2006005, 36.8561227], [-76.200655, 36.8561247], [-76.2006573, 36.8560855], [-76.2010619, 36.8561004], [-76.2010775, 36.8558267], [-76.2009668, 36.8558226], [-76.2009674, 36.8558133], [-76.2008478, 36.8558089], [-76.2008473, 36.8558176]]]}, "properties": {"sources": [{"property": "", "dataset": "OpenStreetMap", "license": "ODbL-1.0", "record_id": "w406989857@2", "update_time": "2016-04-23T06:13:05.000Z", "confidence": null, "between": null}, {"property": "/properties/height", "dataset": "Microsoft ML Buildings", "license": "ODbL-1.0", "record_id": null, "update_time": "2022-08-15T00:00:00.000Z", "confidence": null, "between": null}], "height": 4.713779926300049, "is_underground": false, "subtype": "commercial", "class": "commercial", "has_parts": false, "version": 2}}, {"id": "862d9820-b17a-4fc8-899a-3d09f5d6a584", "type": "Feature", "geometry": {"type": "Polygon", "coordinates": [[[-76.2001303, 36.85635], [-76.2002278, 36.8564203], [-76.200217, 36.85643], [-76.2002356, 36.8564434], [-76.2002948, 36.8563903], [-76.2002677, 36.8563708], [-76.2002849, 36.8563554], [-76.2001958, 36.8562912], [-76.2001303, 36.85635]]]}, "properties": {"sources": [{"property": "", "dataset": "OpenStreetMap", "license": "ODbL-1.0", "record_id": "w406989891@2", "update_time": "2017-08-18T15:55:17.000Z", "confidence": null, "between": null}, {"property": "/properties/height", "dataset": "Microsoft ML Buildings", "license": "ODbL-1.0", "record_id": null, "update_time": "2022-08-15T00:00:00.000Z", "confidence": null, "between": null}], "height": 5.659686088562012, "is_underground": false, "subtype": "residential", "class": "detached", "has_parts": false, "version": 2}}, {"id": "02e09094-2d41-4012-b178-8e8d85350454", "type": "Feature", "geometry": {"type": "Polygon", "coordinates": [[[-76.2003806, 36.8565771], [-76.2003861, 36.8565739], [-76.2004083, 36.8565959], [-76.2004743, 36.8565529], [-76.2004721, 36.8565507], [-76.200499, 36.8565332], [-76.2004976, 36.8565319], [-76.2005051, 36.856527], [-76.2004885, 36.8565106], [-76.2004734, 36.8565204], [-76.2004766, 36.8565235], [-76.2004594, 36.8565347], [-76.2004555, 36.8565309], [-76.20046, 36.856528], [-76.2004543, 36.8565224], [-76.2004628, 36.8565168], [-76.2004405, 36.8564946], [-76.2004355, 36.856498], [-76.2003821, 36.856445], [-76.2003008, 36.8564979], [-76.2003806, 36.8565771]]]}, "properties": {"sources": [{"property": "", "dataset": "OpenStreetMap", "license": "ODbL-1.0", "record_id": "w406989887@2", "update_time": "2017-08-18T15:55:17.000Z", "confidence": null, "between": null}, {"property": "/properties/height", "dataset": "Microsoft ML Buildings", "license": "ODbL-1.0", "record_id": null, "update_time": "2022-08-15T00:00:00.000Z", "confidence": null, "between": null}], "height": 3.849879026412964, "is_underground": false, "subtype": "residential", "class": "detached", "has_parts": false, "version": 2}}, {"id": "e77d88c5-96ad-4e23-9c10-e54bdb48e232", "type": "Feature", "geometry": {"type": "Polygon", "coordinates": [[[-76.2005428, 36.8567338], [-76.2005328, 36.8567405], [-76.2005591, 36.8567659], [-76.200626, 36.8567212], [-76.2006032, 36.8566992], [-76.2006259, 36.8566841], [-76.2005494, 36.8566101], [-76.2004738, 36.8566607], [-76.2005099, 36.8566955], [-76.200506, 36.8566982], [-76.2005428, 36.8567338]]]}, "properties": {"sources": [{"property": "", "dataset": "OpenStreetMap", "license": "ODbL-1.0", "record_id": "w406989881@2", "update_time": "2017-08-18T15:55:16.000Z", "confidence": null, "between": null}, {"property": "/properties/height", "dataset": "Microsoft ML Buildings", "license": "ODbL-1.0", "record_id": null, "update_time": "2022-08-15T00:00:00.000Z", "confidence": null, "between": null}], "height": 5.916477680206299, "is_underground": false, "subtype": "residential", "class": "detached", "has_parts": false, "version": 2}}, {"id": "6f165457-8508-44e1-960f-37732b0fdbc0", "type": "Feature", "geometry": {"type": "Polygon", "coordinates": [[[-76.2008048, 36.8564121], [-76.2007655, 36.856372], [-76.200711, 36.8564064], [-76.200631, 36.8564569], [-76.200627, 36.8564594], [-76.2006383, 36.8564709], [-76.2007663, 36.8566019], [-76.2007953, 36.8566316], [-76.2009506, 36.8567905], [-76.2010058, 36.856847], [-76.2010527, 36.8568951], [-76.2011308, 36.8568458], [-76.2011913, 36.8568077], [-76.2010438, 36.8566568], [-76.2010195, 36.8566319], [-76.2009016, 36.8565112], [-76.2008048, 36.8564121]]]}, "properties": {"sources": [{"property": "", "dataset": "OpenStreetMap", "license": "ODbL-1.0", "record_id": "w406990051@1", "update_time": "2016-04-01T15:39:56.000Z", "confidence": null, "between": null}, {"property": "/properties/height", "dataset": "Microsoft ML Buildings", "license": "ODbL-1.0", "record_id": null, "update_time": "2022-08-15T00:00:00.000Z", "confidence": null, "between": null}], "height": 7.5196051597595215, "is_underground": false, "subtype": "commercial", "class": "commercial", "has_parts": false, "version": 2}}, {"id": "fd6a0c2c-f7a1-4669-acef-7ccb63703daf", "type": "Feature", "geometry": {"type": "Polygon", "coordinates": [[[-76.2000172, 36.856699], [-76.1999906, 36.8566781], [-76.1999088, 36.8567424], [-76.1999334, 36.856762], [-76.1999318, 36.8567652], [-76.1999684, 36.8567925], [-76.1999437, 36.8568078], [-76.1999791, 36.856836], [-76.1999956, 36.8568234], [-76.2000185, 36.8568337], [-76.2000881, 36.8567768], [-76.2000548, 36.8567541], [-76.200059, 36.8567507], [-76.2000067, 36.8567096], [-76.2000172, 36.856699]]]}, "properties": {"sources": [{"property": "", "dataset": "OpenStreetMap", "license": "ODbL-1.0", "record_id": "w406989885@2", "update_time": "2017-08-18T15:55:16.000Z", "confidence": null, "between": null}, {"property": "/properties/height", "dataset": "Microsoft ML Buildings", "license": "ODbL-1.0", "record_id": null, "update_time": "2022-08-15T00:00:00.000Z", "confidence": null, "between": null}], "height": 8.190762519836426, "is_underground": false, "subtype": "residential", "class": "detached", "has_parts": false, "version": 2}}, {"id": "7231d55e-a28f-4539-90f9-ed4567aaceab", "type": "Feature", "geometry": {"type": "Polygon", "coordinates": [[[-76.1998064, 36.856567], [-76.1997752, 36.8565497], [-76.199727, 36.8566059], [-76.1997556, 36.8566217], [-76.1997491, 36.8566294], [-76.1998099, 36.8566631], [-76.1997787, 36.8566995], [-76.199828, 36.8567269], [-76.1998624, 36.8566868], [-76.1998582, 36.8566845], [-76.1998755, 36.8566643], [-76.1998969, 36.8566762], [-76.1999289, 36.856639], [-76.1999065, 36.8566266], [-76.1999137, 36.8566182], [-76.1998112, 36.8565614], [-76.1998064, 36.856567]]]}, "properties": {"sources": [{"property": "", "dataset": "OpenStreetMap", "license": "ODbL-1.0", "record_id": "w406989889@2", "update_time": "2017-08-18T15:55:17.000Z", "confidence": null, "between": null}, {"property": "/properties/height", "dataset": "Microsoft ML Buildings", "license": "ODbL-1.0", "record_id": null, "update_time": "2022-08-15T00:00:00.000Z", "confidence": null, "between": null}], "height": 5.033473014831543, "is_underground": false, "subtype": "residential", "class": "detached", "has_parts": false, "version": 2}}, {"id": "75c4d7d7-cf14-4e77-906b-ca77fdf65ae7", "type": "Feature", "geometry": {"type": "Polygon", "coordinates": [[[-76.1996074, 36.8566699], [-76.1995453, 36.856648], [-76.1995255, 36.8566843], [-76.1995876, 36.8567062], [-76.1996074, 36.8566699]]]}, "properties": {"sources": [{"property": "", "dataset": "OpenStreetMap", "license": "ODbL-1.0", "record_id": "w406990161@2", "update_time": "2017-08-18T15:55:28.000Z", "confidence": null, "between": null}], "is_underground": false, "subtype": "outbuilding", "class": "shed", "has_parts": false, "version": 1}}, {"id": "a4545e78-cb99-411c-82de-43e43f6715f1", "type": "Feature", "geometry": {"type": "Polygon", "coordinates": [[[-76.1995482, 36.8564932], [-76.1995096, 36.8564861], [-76.1994807, 36.8565863], [-76.1995154, 36.8565928], [-76.1995179, 36.8565841], [-76.1996383, 36.8566064], [-76.1996661, 36.8565097], [-76.1995973, 36.856497], [-76.1995939, 36.8565091], [-76.1995462, 36.8565003], [-76.1995482, 36.8564932]]]}, "properties": {"sources": [{"property": "", "dataset": "OpenStreetMap", "license": "ODbL-1.0", "record_id": "w406989896@2", "update_time": "2017-08-18T15:55:18.000Z", "confidence": null, "between": null}, {"property": "/properties/height", "dataset": "Microsoft ML Buildings", "license": "ODbL-1.0", "record_id": null, "update_time": "2022-08-15T00:00:00.000Z", "confidence": null, "between": null}], "height": 5.100724697113037, "is_underground": false, "subtype": "residential", "class": "detached", "has_parts": false, "version": 2}}, {"id": "7f8688eb-34f8-4af6-a302-96c25ec0228b", "type": "Feature", "geometry": {"type": "Polygon", "coordinates": [[[-76.2000048, 36.8562852], [-76.2000352, 36.8562982], [-76.2000878, 36.8562081], [-76.1999877, 36.8561618], [-76.199954, 36.8561983], [-76.1999239, 36.8562512], [-76.1999562, 36.8562618], [-76.1999475, 36.8562745], [-76.1999979, 36.8562951], [-76.2000048, 36.8562852]]]}, "properties": {"sources": [{"property": "", "dataset": "OpenStreetMap", "license": "ODbL-1.0", "record_id": "w406989894@2", "update_time": "2017-08-18T15:55:17.000Z", "confidence": null, "between": null}, {"property": "/properties/height", "dataset": "Microsoft ML Buildings", "license": "ODbL-1.0", "record_id": null, "update_time": "2022-08-15T00:00:00.000Z", "confidence": null, "between": null}], "height": 5.450304985046387, "is_underground": false, "subtype": "residential", "class": "detached", "has_parts": false, "version": 2}}, {"id": "7860d91f-3799-470c-93da-3912785b454a", "type": "Feature", "geometry": {"type": "Polygon", "coordinates": [[[-76.1998069, 36.8562221], [-76.1998038, 36.8562303], [-76.1998402, 36.8562394], [-76.1998659, 36.856173], [-76.1998293, 36.8561639], [-76.1998367, 36.8561445], [-76.1997209, 36.8561156], [-76.1996923, 36.8561896], [-76.1997508, 36.8562042], [-76.1997494, 36.8562078], [-76.1998069, 36.8562221]]]}, "properties": {"sources": [{"property": "", "dataset": "OpenStreetMap", "license": "ODbL-1.0", "record_id": "w406989898@2", "update_time": "2017-08-18T15:55:18.000Z", "confidence": null, "between": null}, {"property": "/properties/height", "dataset": "Microsoft ML Buildings", "license": "ODbL-1.0", "record_id": null, "update_time": "2022-08-15T00:00:00.000Z", "confidence": null, "between": null}], "height": 4.484407424926758, "is_underground": false, "subtype": "residential", "class": "detached", "has_parts": false, "version": 2}}, {"id": "e8c6457f-6c97-48e1-b87b-1162427ada98", "type": "Feature", "geometry": {"type": "Polygon", "coordinates": [[[-76.1992782, 36.8564724], [-76.1992779, 36.8564777], [-76.1992419, 36.8564762], [-76.1992375, 36.8565448], [-76.1992749, 36.8565463], [-76.1992743, 36.8565555], [-76.1993996, 36.8565606], [-76.199405, 36.8564777], [-76.1992782, 36.8564724]]]}, "properties": {"sources": [{"property": "", "dataset": "OpenStreetMap", "license": "ODbL-1.0", "record_id": "w406989905@2", "update_time": "2017-08-18T15:55:19.000Z", "confidence": null, "between": null}, {"property": "/properties/height", "dataset": "Microsoft ML Buildings", "license": "ODbL-1.0", "record_id": null, "update_time": "2022-08-15T00:00:00.000Z", "confidence": null, "between": null}], "height": 5.594227313995361, "is_underground": false, "subtype": "residential", "class": "detached", "has_parts": false, "version": 2}}, {"id": "be0f63e1-fbf2-48ad-9df1-90ab2d33c665", "type": "Feature", "geometry": {"type": "Polygon", "coordinates": [[[-76.1990225, 36.8564668], [-76.1990232, 36.8564558], [-76.1989861, 36.8564542], [-76.1989815, 36.8565226], [-76.1989663, 36.8565219], [-76.1989648, 36.8565445], [-76.1990162, 36.8565468], [-76.1990159, 36.8565504], [-76.1991366, 36.8565557], [-76.1991421, 36.8564753], [-76.1990964, 36.8564733], [-76.1990966, 36.8564701], [-76.1990225, 36.8564668]]]}, "properties": {"sources": [{"property": "", "dataset": "OpenStreetMap", "license": "ODbL-1.0", "record_id": "w406989909@2", "update_time": "2017-08-18T15:55:19.000Z", "confidence": null, "between": null}, {"property": "/properties/height", "dataset": "Microsoft ML Buildings", "license": "ODbL-1.0", "record_id": null, "update_time": "2022-08-15T00:00:00.000Z", "confidence": null, "between": null}], "height": 4.624028205871582, "is_underground": false, "subtype": "residential", "class": "detached", "has_parts": false, "version": 2}}, {"id": "06d8aab6-4f92-4648-b18a-ac355bdacec5", "type": "Feature", "geometry": {"type": "Polygon", "coordinates": [[[-76.1987654, 36.8564522], [-76.198765, 36.8564584], [-76.1987265, 36.856457], [-76.1987228, 36.856523], [-76.1987597, 36.8565244], [-76.198759, 36.8565369], [-76.1988861, 36.8565416], [-76.1988878, 36.8565114], [-76.1989349, 36.8565131], [-76.1989375, 36.8564678], [-76.1988909, 36.8564661], [-76.1988914, 36.8564569], [-76.1987654, 36.8564522]]]}, "properties": {"sources": [{"property": "", "dataset": "OpenStreetMap", "license": "ODbL-1.0", "record_id": "w406989912@2", "update_time": "2017-08-18T15:55:20.000Z", "confidence": null, "between": null}, {"property": "/properties/height", "dataset": "Microsoft ML Buildings", "license": "ODbL-1.0", "record_id": null, "update_time": "2022-08-15T00:00:00.000Z", "confidence": null, "between": null}], "height": 4.397065162658691, "is_underground": false, "subtype": "residential", "class": "detached", "has_parts": false, "version": 2}}, {"id": "d32d7a25-2047-4eb7-a053-c363712d8191", "type": "Feature", "geometry": {"type": "Polygon", "coordinates": [[[-76.1985453, 36.856432], [-76.1985077, 36.8564302], [-76.1985027, 36.8564987], [-76.1985374, 36.8565004], [-76.1985356, 36.8565245], [-76.1986591, 36.8565304], [-76.1986647, 36.8564525], [-76.198596, 36.8564493], [-76.1985963, 36.8564448], [-76.1985446, 36.8564423], [-76.1985453, 36.856432]]]}, "properties": {"sources": [{"property": "", "dataset": "OpenStreetMap", "license": "ODbL-1.0", "record_id": "w406989917@2", "update_time": "2017-08-18T15:55:20.000Z", "confidence": null, "between": null}, {"property": "/properties/height", "dataset": "Microsoft ML Buildings", "license": "ODbL-1.0", "record_id": null, "update_time": "2022-08-15T00:00:00.000Z", "confidence": null, "between": null}], "height": 3.8898868560791016, "is_underground": false, "subtype": "residential", "class": "detached", "has_parts": false, "version": 2}}, {"id": "5a062aa2-3402-458e-9167-f049926435c1", "type": "Feature", "geometry": {"type": "Polygon", "coordinates": [[[-76.1987463, 36.8566598], [-76.1986935, 36.8566571], [-76.198689, 36.8567127], [-76.1987036, 36.8567135], [-76.1987419, 36.8567154], [-76.1987463, 36.8566598]]]}, "properties": {"sources": [{"property": "", "dataset": "OpenStreetMap", "license": "ODbL-1.0", "record_id": "w406990259@2", "update_time": "2017-08-18T15:55:29.000Z", "confidence": null, "between": null}], "is_underground": false, "subtype": "outbuilding", "class": "shed", "has_parts": false, "version": 1}}, {"id": "18a605fa-608f-4f2e-b0e0-932e720d7542", "type": "Feature", "geometry": {"type": "Polygon", "coordinates": [[[-76.198808, 36.856142], [-76.1988073, 36.8561523], [-76.198848, 36.856154], [-76.1988525, 36.8560849], [-76.1988157, 36.8560833], [-76.1988172, 36.8560599], [-76.1987012, 36.8560551], [-76.1986961, 36.8561333], [-76.1987522, 36.8561357], [-76.1987519, 36.8561396], [-76.198808, 36.856142]]]}, "properties": {"sources": [{"property": "", "dataset": "OpenStreetMap", "license": "ODbL-1.0", "record_id": "w406989915@3", "update_time": "2017-08-18T15:55:20.000Z", "confidence": null, "between": null}, {"property": "/properties/height", "dataset": "Microsoft ML Buildings", "license": "ODbL-1.0", "record_id": null, "update_time": "2022-08-15T00:00:00.000Z", "confidence": null, "between": null}], "height": 4.68069314956665, "is_underground": false, "subtype": "residential", "class": "detached", "has_parts": false, "version": 2}}, {"id": "6abb0195-325c-4e04-97cb-47fb1d890301", "type": "Feature", "geometry": {"type": "Polygon", "coordinates": [[[-76.1988534, 36.8558684], [-76.198679, 36.8558629], [-76.1986755, 36.8559361], [-76.1988499, 36.8559415], [-76.1988534, 36.8558684]]]}, "properties": {"sources": [{"property": "", "dataset": "OpenStreetMap", "license": "ODbL-1.0", "record_id": "w406990342@2", "update_time": "2016-04-23T06:13:24.000Z", "confidence": null, "between": null}, {"property": "/properties/height", "dataset": "Microsoft ML Buildings", "license": "ODbL-1.0", "record_id": null, "update_time": "2022-08-15T00:00:00.000Z", "confidence": null, "between": null}], "height": 5.203177452087402, "is_underground": false, "subtype": "commercial", "class": "commercial", "has_parts": false, "version": 2}}, {"id": "a7be7306-4a17-42ee-bff8-0835161afa94", "type": "Feature", "geometry": {"type": "Polygon", "coordinates": [[[-76.1986641, 36.8555471], [-76.1985835, 36.8555439], [-76.1985765, 36.8556563], [-76.1985872, 36.8556567], [-76.1985854, 36.855687], [-76.1987745, 36.8556945], [-76.1987766, 36.855661], [-76.1987798, 36.8556611], [-76.1987866, 36.8555509], [-76.1987078, 36.8555478], [-76.1987087, 36.8555328], [-76.1986651, 36.855531], [-76.1986641, 36.8555471]]]}, "properties": {"sources": [{"property": "", "dataset": "OpenStreetMap", "license": "ODbL-1.0", "record_id": "w406989926@2", "update_time": "2016-04-23T06:13:08.000Z", "confidence": null, "between": null}, {"property": "/properties/height", "dataset": "Microsoft ML Buildings", "license": "ODbL-1.0", "record_id": null, "update_time": "2022-08-15T00:00:00.000Z", "confidence": null, "between": null}], "height": 5.563973903656006, "is_underground": false, "subtype": "commercial", "class": "commercial", "has_parts": false, "version": 2}}, {"id": "dea7f3ce-c43c-4938-8a83-cb05e10dd1f8", "type": "Feature", "geometry": {"type": "Polygon", "coordinates": [[[-76.1985161, 36.855031], [-76.1985149, 36.8550508], [-76.1986554, 36.8550563], [-76.1986555, 36.855054], [-76.1988781, 36.8550629], [-76.1988874, 36.8549118], [-76.1986677, 36.854903], [-76.1986709, 36.8548499], [-76.1985253, 36.8548441], [-76.1985288, 36.854787], [-76.198369, 36.8547806], [-76.1983656, 36.8548362], [-76.1983032, 36.8548337], [-76.1983092, 36.854737], [-76.1979584, 36.854723], [-76.1979402, 36.8550157], [-76.1985049, 36.8550381], [-76.1985053, 36.8550306], [-76.1985161, 36.855031]]]}, "properties": {"sources": [{"property": "", "dataset": "OpenStreetMap", "license": "ODbL-1.0", "record_id": "w406984658@2", "update_time": "2016-04-23T06:13:18.000Z", "confidence": null, "between": null}, {"property": "/properties/height", "dataset": "Microsoft ML Buildings", "license": "ODbL-1.0", "record_id": null, "update_time": "2022-08-15T00:00:00.000Z", "confidence": null, "between": null}], "height": 5.0026373863220215, "is_underground": false, "subtype": "commercial", "class": "commercial", "has_parts": false, "version": 2}}, {"id": "6dccd986-333a-4d7b-8014-f765315bc03c", "type": "Feature", "geometry": {"type": "Polygon", "coordinates": [[[-76.198813, 36.8529214], [-76.1987546, 36.8529511], [-76.1988251, 36.8530407], [-76.1988842, 36.8530107], [-76.1988878, 36.8530152], [-76.2000469, 36.852426], [-76.1997993, 36.8521113], [-76.1998561, 36.8520824], [-76.1997567, 36.8519561], [-76.1996955, 36.8519872], [-76.1994907, 36.8517271], [-76.1992027, 36.8518735], [-76.1992356, 36.8519153], [-76.1983694, 36.8523557], [-76.1984473, 36.8524547], [-76.1983288, 36.8525149], [-76.1985272, 36.852767], [-76.1986444, 36.8527074], [-76.198813, 36.8529214]]]}, "properties": {"names": {"primary": "Costco", "common": null, "rules": null}, "sources": [{"property": "", "dataset": "OpenStreetMap", "license": "ODbL-1.0", "record_id": "w406984103@7", "update_time": "2025-01-23T00:44:48.000Z", "confidence": null, "between": null}, {"property": "/properties/height", "dataset": "Microsoft ML Buildings", "license": "ODbL-1.0", "record_id": null, "update_time": "2022-08-15T00:00:00.000Z", "confidence": null, "between": null}], "height": 7.900498867034912, "is_underground": false, "has_parts": false, "version": 2}}, {"id": "d68b3e90-2b15-4951-ad72-133b7cd4baee", "type": "Feature", "geometry": {"type": "Polygon", "coordinates": [[[-76.2010646, 36.8519984], [-76.2011538, 36.8519542], [-76.2014297, 36.8523037], [-76.2017835, 36.8521223], [-76.2016599, 36.8519717], [-76.2015577, 36.8520221], [-76.2014999, 36.8519506], [-76.2015035, 36.8519268], [-76.2014692, 36.8518831], [-76.2014457, 36.8518795], [-76.2013868, 36.8518044], [-76.2014903, 36.851752], [-76.2013676, 36.8515984], [-76.2010146, 36.8517757], [-76.2011154, 36.8519047], [-76.2010266, 36.8519491], [-76.2010646, 36.8519984]]]}, "properties": {"sources": [{"property": "", "dataset": "OpenStreetMap", "license": "ODbL-1.0", "record_id": "w406984595@2", "update_time": "2016-04-23T06:13:12.000Z", "confidence": null, "between": null}, {"property": "/properties/height", "dataset": "Microsoft ML Buildings", "license": "ODbL-1.0", "record_id": null, "update_time": "2022-08-15T00:00:00.000Z", "confidence": null, "between": null}], "height": 7.706329822540283, "is_underground": false, "subtype": "commercial", "class": "commercial", "has_parts": false, "version": 2}}, {"id": "39cd1305-5a57-4efa-8709-62b5cccce9b4", "type": "Feature", "geometry": {"type": "Polygon", "coordinates": [[[-76.200578, 36.8525751], [-76.200276, 36.8527284], [-76.2004127, 36.8529022], [-76.2007147, 36.8527489], [-76.200578, 36.8525751]]]}, "properties": {"names": {"primary": "Costco Tire Center", "common": null, "rules": null}, "sources": [{"property": "", "dataset": "OpenStreetMap", "license": "ODbL-1.0", "record_id": "w406984594@3", "update_time": "2025-01-23T00:44:48.000Z", "confidence": null, "between": null}, {"property": "/properties/height", "dataset": "Microsoft ML Buildings", "license": "ODbL-1.0", "record_id": null, "update_time": "2022-08-15T00:00:00.000Z", "confidence": null, "between": null}], "height": 5.5108418464660645, "is_underground": false, "subtype": "commercial", "class": "commercial", "has_parts": false, "version": 2}}, {"id": "0fb59440-49b6-4e06-afbc-acd1df2b47ee", "type": "Feature", "geometry": {"type": "Polygon", "coordinates": [[[-76.2019485, 36.8545729], [-76.201951, 36.8545788], [-76.2023055, 36.8550264], [-76.2026512, 36.8548496], [-76.2022866, 36.8543843], [-76.2024669, 36.8542921], [-76.2020938, 36.8538165], [-76.2019434, 36.8538929], [-76.2017629, 36.853671], [-76.2014178, 36.853489], [-76.2012115, 36.8534803], [-76.2012207, 36.8533237], [-76.2006083, 36.8533013], [-76.2005991, 36.8534595], [-76.2002564, 36.853444], [-76.2002668, 36.8532837], [-76.1997577, 36.8532648], [-76.1997466, 36.8534519], [-76.1994375, 36.8534393], [-76.199418, 36.8537405], [-76.199051, 36.8537271], [-76.199008, 36.853727], [-76.1990036, 36.8537832], [-76.1988029, 36.8537761], [-76.1987943, 36.8539229], [-76.1989239, 36.8539288], [-76.1989194, 36.8540246], [-76.1989306, 36.8540246], [-76.1989245, 36.8541419], [-76.198868, 36.8541409], [-76.1988639, 36.8542084], [-76.1989204, 36.8542101], [-76.1989116, 36.8543448], [-76.1989541, 36.8544465], [-76.1990405, 36.8544241], [-76.1990442, 36.8544369], [-76.1993718, 36.8544505], [-76.1993786, 36.8543475], [-76.1994166, 36.8543508], [-76.1994204, 36.8542943], [-76.1994354, 36.8542943], [-76.1994424, 36.8541876], [-76.1994318, 36.854186], [-76.1994364, 36.8541279], [-76.1994189, 36.8541275], [-76.1994209, 36.8541109], [-76.1993957, 36.8541096], [-76.1994176, 36.8537417], [-76.1998222, 36.8537597], [-76.1998228, 36.8537646], [-76.1999076, 36.8537658], [-76.1999085, 36.8537725], [-76.20005, 36.8537774], [-76.2000499, 36.8537714], [-76.2001387, 36.8537749], [-76.2001395, 36.8537689], [-76.200747, 36.8537929], [-76.2007693, 36.8538055], [-76.2009975, 36.8538142], [-76.2009981, 36.8538084], [-76.201086, 36.8538126], [-76.2010862, 36.8538061], [-76.201358, 36.8538164], [-76.2015153, 36.8538991], [-76.2015544, 36.8540596], [-76.201557, 36.8540631], [-76.2015598, 36.8540657], [-76.2015653, 36.8540689], [-76.2015684, 36.85407], [-76.2015759, 36.8540712], [-76.2015819, 36.8540708], [-76.2015883, 36.8540689], [-76.2016592, 36.854154], [-76.2016391, 36.8541631], [-76.2017889, 36.8543565], [-76.2018098, 36.8543459], [-76.2019664, 36.8545506], [-76.2019546, 36.854556], [-76.2019519, 36.8545588], [-76.2019491, 36.8545639], [-76.2019482, 36.854568], [-76.2019485, 36.8545729]]]}, "properties": {"sources": [{"property": "", "dataset": "OpenStreetMap", "license": "ODbL-1.0", "record_id": "w406984630@2", "update_time": "2016-04-23T06:13:27.000Z", "confidence": null, "between": null}], "is_underground": false, "subtype": "commercial", "class": "commercial", "has_parts": false, "version": 1}}, {"id": "99cd7004-6669-4da8-b2f8-d3d84456b81c", "type": "Feature", "geometry": {"type": "Polygon", "coordinates": [[[-76.201909, 36.8505218], [-76.2018662, 36.8505596], [-76.2019089, 36.8505905], [-76.2019517, 36.8505528], [-76.201909, 36.8505218]]]}, "properties": {"sources": [{"property": "", "dataset": "Microsoft ML Buildings", "license": "ODbL-1.0", "record_id": null, "update_time": "2022-08-15T00:00:00.000Z", "confidence": null, "between": null}], "height": 5.162109375, "is_underground": false, "has_parts": false, "version": 3}}, {"id": "382c7a4d-df06-4aac-995d-4f0bcd7362d6", "type": "Feature", "geometry": {"type": "Polygon", "coordinates": [[[-76.2012671, 36.8502745], [-76.2014859, 36.8504537], [-76.2013994, 36.8506973], [-76.2014416, 36.8507055], [-76.2014328, 36.8507303], [-76.2015347, 36.8507514], [-76.2015442, 36.8507282], [-76.2015989, 36.8507412], [-76.2016622, 36.8505579], [-76.2016984, 36.8505658], [-76.2017807, 36.8505041], [-76.2017714, 36.8504797], [-76.2019841, 36.850436], [-76.2019738, 36.8504064], [-76.2019989, 36.8504013], [-76.2020103, 36.8504337], [-76.2022425, 36.850385], [-76.2022291, 36.8503447], [-76.2022601, 36.8503376], [-76.2022447, 36.8502894], [-76.202214, 36.8502951], [-76.2021931, 36.8502251], [-76.2019612, 36.850272], [-76.2019712, 36.8503035], [-76.2019458, 36.8503096], [-76.2019358, 36.8502784], [-76.2017003, 36.8503257], [-76.2016954, 36.8503015], [-76.2017172, 36.8502545], [-76.2017098, 36.8502268], [-76.201655, 36.8502136], [-76.2016269, 36.8502346], [-76.2016051, 36.8502861], [-76.2015837, 36.8502999], [-76.2014134, 36.850158], [-76.2013822, 36.8501858], [-76.2013618, 36.8501672], [-76.2012825, 36.8502259], [-76.2013043, 36.850244], [-76.2012671, 36.8502745]]]}, "properties": {"sources": [{"property": "", "dataset": "OpenStreetMap", "license": "ODbL-1.0", "record_id": "w406984554@2", "update_time": "2016-04-23T06:13:04.000Z", "confidence": null, "between": null}, {"property": "/properties/height", "dataset": "Microsoft ML Buildings", "license": "ODbL-1.0", "record_id": null, "update_time": "2022-08-15T00:00:00.000Z", "confidence": null, "between": null}], "height": 9.172019004821777, "is_underground": false, "subtype": "commercial", "class": "commercial", "has_parts": false, "version": 2}}, {"id": "b6b8dc1e-37fc-4ecb-8f8d-2534f07e4695", "type": "Feature", "geometry": {"type": "Polygon", "coordinates": [[[-76.20195, 36.8493096], [-76.2019524, 36.8493144], [-76.2017943, 36.8493648], [-76.2017823, 36.8493405], [-76.2017124, 36.8493628], [-76.201722, 36.8493823], [-76.2016983, 36.8493898], [-76.2017101, 36.8494136], [-76.2017329, 36.8494063], [-76.2017877, 36.8495174], [-76.2017536, 36.8495283], [-76.2017849, 36.8495919], [-76.2018201, 36.8495807], [-76.2018288, 36.8495983], [-76.2018987, 36.849576], [-76.2018917, 36.8495618], [-76.2020525, 36.8495105], [-76.2020567, 36.849519], [-76.2021178, 36.8494995], [-76.2020139, 36.8492892], [-76.20195, 36.8493096]]]}, "properties": {"names": {"primary": "Station 4", "common": null, "rules": null}, "sources": [{"property": "", "dataset": "OpenStreetMap", "license": "ODbL-1.0", "record_id": "w406984611@2", "update_time": "2016-04-23T06:13:17.000Z", "confidence": null, "between": null}, {"property": "/properties/height", "dataset": "Microsoft ML Buildings", "license": "ODbL-1.0", "record_id": null, "update_time": "2022-08-15T00:00:00.000Z", "confidence": null, "between": null}], "height": 5.89026403427124, "is_underground": false, "subtype": "civic", "has_parts": false, "version": 2}}, {"id": "36d5d992-1e59-4791-9f1c-d015839499a4", "type": "Feature", "geometry": {"type": "Polygon", "coordinates": [[[-76.2066205, 36.8477917], [-76.206598, 36.8477914], [-76.2066, 36.8477075], [-76.2064907, 36.8477059], [-76.2064871, 36.8478563], [-76.2066189, 36.8478583], [-76.2066205, 36.8477917]]]}, "properties": {"sources": [{"property": "", "dataset": "OpenStreetMap", "license": "ODbL-1.0", "record_id": "w406984238@2", "update_time": "2016-04-23T06:12:42.000Z", "confidence": null, "between": null}, {"property": "/properties/height", "dataset": "Microsoft ML Buildings", "license": "ODbL-1.0", "record_id": null, "update_time": "2022-08-15T00:00:00.000Z", "confidence": null, "between": null}], "height": 7.50205135345459, "is_underground": false, "subtype": "residential", "class": "residential", "has_parts": false, "version": 2}}, {"id": "31de5b54-22f0-46f5-9094-4d20c520dab5", "type": "Feature", "geometry": {"type": "Polygon", "coordinates": [[[-76.2061385, 36.8478063], [-76.2062435, 36.8478067], [-76.2062433, 36.8478342], [-76.206316, 36.8478345], [-76.2063166, 36.8477311], [-76.206139, 36.8477304], [-76.2061385, 36.8478063]]]}, "properties": {"sources": [{"property": "", "dataset": "OpenStreetMap", "license": "ODbL-1.0", "record_id": "w406984457@2", "update_time": "2016-04-23T06:12:54.000Z", "confidence": null, "between": null}], "is_underground": false, "subtype": "residential", "class": "residential", "has_parts": false, "version": 1}}, {"id": "07701d6e-d8ae-4b49-ae40-de12d2ec97c6", "type": "Feature", "geometry": {"type": "Polygon", "coordinates": [[[-76.2058364, 36.8477479], [-76.2057271, 36.8477448], [-76.2057221, 36.8478616], [-76.2058315, 36.8478646], [-76.2058364, 36.8477479]]]}, "properties": {"sources": [{"property": "", "dataset": "OpenStreetMap", "license": "ODbL-1.0", "record_id": "w406984472@2", "update_time": "2016-04-23T06:12:55.000Z", "confidence": null, "between": null}, {"property": "/properties/height", "dataset": "Microsoft ML Buildings", "license": "ODbL-1.0", "record_id": null, "update_time": "2022-08-15T00:00:00.000Z", "confidence": null, "between": null}], "height": 6.921785354614258, "is_underground": false, "subtype": "residential", "class": "residential", "has_parts": false, "version": 2}}, {"id": "43494692-679c-43e2-a56b-a8a85480405b", "type": "Feature", "geometry": {"type": "Polygon", "coordinates": [[[-76.205483, 36.8477452], [-76.2053731, 36.8477414], [-76.205369, 36.8478178], [-76.2054858, 36.8478218], [-76.2054867, 36.8478062], [-76.205505, 36.8478069], [-76.2055076, 36.8477578], [-76.2054824, 36.847757], [-76.205483, 36.8477452]]]}, "properties": {"sources": [{"property": "", "dataset": "OpenStreetMap", "license": "ODbL-1.0", "record_id": "w406984490@2", "update_time": "2016-04-23T06:12:56.000Z", "confidence": null, "between": null}, {"property": "/properties/height", "dataset": "Microsoft ML Buildings", "license": "ODbL-1.0", "record_id": null, "update_time": "2022-08-15T00:00:00.000Z", "confidence": null, "between": null}], "height": 12.13873291015625, "is_underground": false, "subtype": "residential", "class": "residential", "has_parts": false, "version": 2}}, {"id": "bc2c16be-089f-48e7-a8fe-2d1aa0afc017", "type": "Feature", "geometry": {"type": "Polygon", "coordinates": [[[-76.2050331, 36.8477011], [-76.2049007, 36.8476987], [-76.2048973, 36.8478215], [-76.2049836, 36.8478231], [-76.2049848, 36.8477788], [-76.2050309, 36.8477796], [-76.2050331, 36.8477011]]]}, "properties": {"sources": [{"property": "", "dataset": "OpenStreetMap", "license": "ODbL-1.0", "record_id": "w406984498@2", "update_time": "2016-04-23T06:12:57.000Z", "confidence": null, "between": null}, {"property": "/properties/height", "dataset": "Microsoft ML Buildings", "license": "ODbL-1.0", "record_id": null, "update_time": "2022-08-15T00:00:00.000Z", "confidence": null, "between": null}], "height": 5.386855602264404, "is_underground": false, "subtype": "residential", "class": "residential", "has_parts": false, "version": 2}}, {"id": "77fc69f7-0f32-4bbb-a1c6-505b15b59fa1", "type": "Feature", "geometry": {"type": "Polygon", "coordinates": [[[-76.2045701, 36.8480833], [-76.2045557, 36.8487043], [-76.204668, 36.8487072], [-76.2046677, 36.8486703], [-76.2046781, 36.8486855], [-76.204685, 36.8486915], [-76.2047014, 36.8486998], [-76.2047104, 36.8487017], [-76.2047196, 36.8487021], [-76.2047287, 36.8487009], [-76.2047375, 36.8486982], [-76.2047532, 36.8486887], [-76.2047596, 36.8486821], [-76.2047686, 36.8486661], [-76.2047719, 36.8486481], [-76.2047712, 36.8486389], [-76.2047652, 36.8486215], [-76.2047539, 36.8486071], [-76.2047466, 36.8486016], [-76.2047384, 36.8485973], [-76.2047297, 36.8485945], [-76.2047302, 36.8485778], [-76.2047773, 36.8485417], [-76.2054774, 36.8485494], [-76.2054802, 36.8485682], [-76.205484, 36.8485769], [-76.2054958, 36.8485917], [-76.2055034, 36.8485974], [-76.2055119, 36.8486017], [-76.205521, 36.8486045], [-76.2055304, 36.8486057], [-76.2055399, 36.8486052], [-76.2055492, 36.8486031], [-76.2055579, 36.8485995], [-76.205566, 36.8485944], [-76.2055788, 36.8485804], [-76.2055862, 36.848563], [-76.2055872, 36.8485441], [-76.2055817, 36.8485259], [-76.2055705, 36.8485107], [-76.2055631, 36.8485048], [-76.2055547, 36.8485002], [-76.2055457, 36.8484971], [-76.2055467, 36.8484661], [-76.2055693, 36.8484523], [-76.2056035, 36.8484505], [-76.2056112, 36.8481979], [-76.2055473, 36.8482002], [-76.2055537, 36.8480847], [-76.2045701, 36.8480833]]]}, "properties": {"sources": [{"property": "", "dataset": "OpenStreetMap", "license": "ODbL-1.0", "record_id": "w406984492@3", "update_time": "2023-06-07T04:24:09.000Z", "confidence": null, "between": null}, {"property": "/properties/height", "dataset": "Microsoft ML Buildings", "license": "ODbL-1.0", "record_id": null, "update_time": "2022-08-15T00:00:00.000Z", "confidence": null, "between": null}], "height": 7.877117156982422, "is_underground": false, "has_parts": false, "version": 2}}, {"id": "c3bf1089-93f8-4ec5-b1fe-bbaabb7cc3fa", "type": "Feature", "geometry": {"type": "Polygon", "coordinates": [[[-76.2042572, 36.8487649], [-76.2042733, 36.8487651], [-76.2042726, 36.8487899], [-76.2043958, 36.8487919], [-76.2044112, 36.8481871], [-76.2042944, 36.8481852], [-76.2042968, 36.8480905], [-76.2041264, 36.8480877], [-76.2041239, 36.8481876], [-76.2041581, 36.8481882], [-76.2041579, 36.848198], [-76.2042621, 36.8481998], [-76.2042624, 36.8481895], [-76.2042876, 36.84819], [-76.2042871, 36.8482107], [-76.204274, 36.8482105], [-76.2042718, 36.848295], [-76.2042846, 36.8482952], [-76.2042833, 36.8483444], [-76.2042704, 36.8483441], [-76.2042682, 36.8484291], [-76.2042806, 36.8484293], [-76.2042794, 36.8484732], [-76.2042661, 36.848473], [-76.2042639, 36.8485593], [-76.2042767, 36.8485595], [-76.2042754, 36.8486064], [-76.2042629, 36.8486062], [-76.2042607, 36.8486924], [-76.2042737, 36.8486926], [-76.2042732, 36.8487115], [-76.2042586, 36.8487112], [-76.2042572, 36.8487649]]]}, "properties": {"sources": [{"property": "", "dataset": "OpenStreetMap", "license": "ODbL-1.0", "record_id": "w406984537@2", "update_time": "2016-04-23T06:13:01.000Z", "confidence": null, "between": null}, {"property": "/properties/height", "dataset": "Microsoft ML Buildings", "license": "ODbL-1.0", "record_id": null, "update_time": "2022-08-15T00:00:00.000Z", "confidence": null, "between": null}], "height": 6.277813911437988, "is_underground": false, "subtype": "residential", "class": "residential", "has_parts": false, "version": 2}}, {"id": "6679bf33-cc12-4e96-8f47-252009d919da", "type": "Feature", "geometry": {"type": "Polygon", "coordinates": [[[-76.2046338, 36.8476974], [-76.2045395, 36.8476957], [-76.2045357, 36.8478337], [-76.2046093, 36.847835], [-76.2046096, 36.8478221], [-76.2046381, 36.8478226], [-76.2046386, 36.8478076], [-76.2047001, 36.8478087], [-76.2047028, 36.8477105], [-76.2046334, 36.8477092], [-76.2046338, 36.8476974]]]}, "properties": {"sources": [{"property": "", "dataset": "OpenStreetMap", "license": "ODbL-1.0", "record_id": "w406984502@2", "update_time": "2016-04-23T06:12:58.000Z", "confidence": null, "between": null}, {"property": "/properties/height", "dataset": "Microsoft ML Buildings", "license": "ODbL-1.0", "record_id": null, "update_time": "2022-08-15T00:00:00.000Z", "confidence": null, "between": null}], "height": 4.236819267272949, "is_underground": false, "subtype": "residential", "class": "residential", "has_parts": false, "version": 2}}, {"id": "b3212674-18aa-4b07-b677-69b1f276a615", "type": "Feature", "geometry": {"type": "Polygon", "coordinates": [[[-76.2041896, 36.8476636], [-76.2041884, 36.8477438], [-76.2044009, 36.8477458], [-76.2044021, 36.8476622], [-76.2042926, 36.8476612], [-76.2042931, 36.8476223], [-76.2042165, 36.8476216], [-76.2042159, 36.8476638], [-76.2041896, 36.8476636]]]}, "properties": {"sources": [{"property": "", "dataset": "OpenStreetMap", "license": "ODbL-1.0", "record_id": "w406984627@2", "update_time": "2016-04-23T06:13:26.000Z", "confidence": null, "between": null}], "is_underground": false, "subtype": "residential", "class": "residential", "has_parts": false, "version": 1}}, {"id": "d2e69c0e-7c87-47e7-bd91-65c55c2357a0", "type": "Feature", "geometry": {"type": "Polygon", "coordinates": [[[-76.2035284, 36.8478173], [-76.2035286, 36.8477798], [-76.2034688, 36.8477797], [-76.2034686, 36.8478172], [-76.2035284, 36.8478173]]]}, "properties": {"sources": [{"property": "", "dataset": "OpenStreetMap", "license": "ODbL-1.0", "record_id": "w406984245@1", "update_time": "2016-04-01T15:10:37.000Z", "confidence": null, "between": null}], "is_underground": false, "has_parts": false, "version": 1}}, {"id": "58638a45-cd0f-4429-ac10-02b35c268ccf", "type": "Feature", "geometry": {"type": "Polygon", "coordinates": [[[-76.2030873, 36.8478371], [-76.2031111, 36.8478371], [-76.2031094, 36.8478118], [-76.2031314, 36.8478117], [-76.2031317, 36.8477626], [-76.2031109, 36.8477622], [-76.2031128, 36.8477026], [-76.2030184, 36.8477022], [-76.2030179, 36.8477976], [-76.2029752, 36.8477958], [-76.2029739, 36.8478397], [-76.2030883, 36.8478428], [-76.2030873, 36.8478371]]]}, "properties": {"sources": [{"property": "", "dataset": "OpenStreetMap", "license": "ODbL-1.0", "record_id": "w406984234@1", "update_time": "2016-04-01T15:10:36.000Z", "confidence": null, "between": null}, {"property": "/properties/height", "dataset": "Microsoft ML Buildings", "license": "ODbL-1.0", "record_id": null, "update_time": "2022-08-15T00:00:00.000Z", "confidence": null, "between": null}], "height": 3.712033748626709, "is_underground": false, "has_parts": false, "version": 2}}, {"id": "bdecad25-6045-4635-8a91-519a50a86298", "type": "Feature", "geometry": {"type": "Polygon", "coordinates": [[[-76.2028011, 36.8477955], [-76.2026747, 36.8477916], [-76.2026742, 36.8478022], [-76.2026489, 36.8478014], [-76.2026457, 36.8478684], [-76.2026715, 36.8478692], [-76.2026713, 36.8478729], [-76.2027798, 36.8478762], [-76.202781, 36.847853], [-76.202809, 36.8478539], [-76.2028107, 36.8478179], [-76.2028001, 36.8478176], [-76.2028011, 36.8477955]]]}, "properties": {"sources": [{"property": "", "dataset": "OpenStreetMap", "license": "ODbL-1.0", "record_id": "w406984242@2", "update_time": "2016-04-23T06:12:42.000Z", "confidence": null, "between": null}], "is_underground": false, "subtype": "residential", "class": "residential", "has_parts": false, "version": 1}}, {"id": "1848f8a0-6374-4438-8c33-6145ee1f5900", "type": "Feature", "geometry": {"type": "Polygon", "coordinates": [[[-76.203107, 36.848124], [-76.2031102, 36.8480678], [-76.2029662, 36.8480625], [-76.2029586, 36.8481962], [-76.2030805, 36.8482007], [-76.2030849, 36.8481232], [-76.203107, 36.848124]]]}, "properties": {"sources": [{"property": "", "dataset": "OpenStreetMap", "license": "ODbL-1.0", "record_id": "w406984277@2", "update_time": "2016-04-23T06:12:43.000Z", "confidence": null, "between": null}, {"property": "/properties/height", "dataset": "Microsoft ML Buildings", "license": "ODbL-1.0", "record_id": null, "update_time": "2022-08-15T00:00:00.000Z", "confidence": null, "between": null}], "height": 5.406615734100342, "is_underground": false, "subtype": "residential", "class": "residential", "has_parts": false, "version": 2}}, {"id": "9ac5133e-7053-429e-91cd-36ee3a04a10a", "type": "Feature", "geometry": {"type": "Polygon", "coordinates": [[[-76.2031015, 36.8482278], [-76.202981, 36.8482242], [-76.2029785, 36.8482775], [-76.203099, 36.8482811], [-76.2031015, 36.8482278]]]}, "properties": {"sources": [{"property": "", "dataset": "OpenStreetMap", "license": "ODbL-1.0", "record_id": "w406984289@2", "update_time": "2016-04-23T06:12:43.000Z", "confidence": null, "between": null}], "is_underground": false, "subtype": "residential", "class": "residential", "has_parts": false, "version": 1}}, {"id": "71fb2e19-ce11-49c7-8a90-e331e0bd7414", "type": "Feature", "geometry": {"type": "Polygon", "coordinates": [[[-76.2029826, 36.8483534], [-76.2030921, 36.8483545], [-76.2030937, 36.8483005], [-76.2030845, 36.8482957], [-76.2029702, 36.848292], [-76.2029701, 36.848297], [-76.2029274, 36.8482962], [-76.2029276, 36.8483323], [-76.2029694, 36.8483335], [-76.202969, 36.8483481], [-76.2029826, 36.8483534]]]}, "properties": {"sources": [{"property": "", "dataset": "OpenStreetMap", "license": "ODbL-1.0", "record_id": "w406984296@1", "update_time": "2016-04-01T15:10:40.000Z", "confidence": null, "between": null}, {"property": "/properties/height", "dataset": "Microsoft ML Buildings", "license": "ODbL-1.0", "record_id": null, "update_time": "2022-08-15T00:00:00.000Z", "confidence": null, "between": null}], "height": 4.266968250274658, "is_underground": false, "subtype": "residential", "class": "residential", "has_parts": false, "version": 2}}, {"id": "aeba34d4-3289-4484-8ee0-5d37644dc83b", "type": "Feature", "geometry": {"type": "Polygon", "coordinates": [[[-76.2030836, 36.8484868], [-76.2030844, 36.8484569], [-76.2031068, 36.8484572], [-76.2031084, 36.8483961], [-76.2029565, 36.8483935], [-76.2029541, 36.8484846], [-76.2030836, 36.8484868]]]}, "properties": {"sources": [{"property": "", "dataset": "OpenStreetMap", "license": "ODbL-1.0", "record_id": "w412895971@1", "update_time": "2016-04-23T06:12:21.000Z", "confidence": null, "between": null}, {"property": "/properties/height", "dataset": "Microsoft ML Buildings", "license": "ODbL-1.0", "record_id": null, "update_time": "2022-08-15T00:00:00.000Z", "confidence": null, "between": null}], "height": 4.702739715576172, "is_underground": false, "has_parts": false, "version": 2}}, {"id": "f67484f7-ced1-424a-aa4d-76821f9b85cb", "type": "Feature", "geometry": {"type": "Polygon", "coordinates": [[[-76.2034709, 36.8481077], [-76.2034621, 36.8481075], [-76.2034605, 36.8481495], [-76.2034756, 36.8481499], [-76.2034757, 36.8481462], [-76.2035683, 36.8481485], [-76.2035716, 36.848061], [-76.2034728, 36.8480586], [-76.2034709, 36.8481077]]]}, "properties": {"sources": [{"property": "", "dataset": "OpenStreetMap", "license": "ODbL-1.0", "record_id": "w406984269@2", "update_time": "2016-04-23T06:12:43.000Z", "confidence": null, "between": null}, {"property": "/properties/height", "dataset": "Microsoft ML Buildings", "license": "ODbL-1.0", "record_id": null, "update_time": "2022-08-15T00:00:00.000Z", "confidence": null, "between": null}], "height": 10.603658676147461, "is_underground": false, "subtype": "residential", "class": "residential", "has_parts": false, "version": 2}}, {"id": "10202af1-8a70-4aa5-9583-4c42b9121148", "type": "Feature", "geometry": {"type": "Polygon", "coordinates": [[[-76.2035116, 36.848205], [-76.2034899, 36.8482037], [-76.2034835, 36.8482714], [-76.2036582, 36.8482821], [-76.2036654, 36.8482056], [-76.2035125, 36.8481962], [-76.2035116, 36.848205]]]}, "properties": {"sources": [{"property": "", "dataset": "OpenStreetMap", "license": "ODbL-1.0", "record_id": "w406984287@2", "update_time": "2016-04-23T06:12:43.000Z", "confidence": null, "between": null}, {"property": "/properties/height", "dataset": "Microsoft ML Buildings", "license": "ODbL-1.0", "record_id": null, "update_time": "2022-08-15T00:00:00.000Z", "confidence": null, "between": null}], "height": 10.241241455078125, "is_underground": false, "subtype": "residential", "class": "residential", "has_parts": false, "version": 2}}, {"id": "6ee6da4d-c8c2-480f-94d3-8ad987f62c76", "type": "Feature", "geometry": {"type": "Polygon", "coordinates": [[[-76.2040276, 36.8481837], [-76.2040593, 36.8481843], [-76.204062, 36.8480862], [-76.2038909, 36.8480832], [-76.2038884, 36.8481768], [-76.2037704, 36.8481747], [-76.203751, 36.8488942], [-76.2038741, 36.8488963], [-76.2038762, 36.8488163], [-76.2038899, 36.8488165], [-76.2038922, 36.8487312], [-76.2038785, 36.8487309], [-76.2038798, 36.8486843], [-76.2038943, 36.8486846], [-76.2038965, 36.8486007], [-76.2038838, 36.8486005], [-76.2038851, 36.8485524], [-76.2038989, 36.8485527], [-76.2039012, 36.8484659], [-76.2038873, 36.8484656], [-76.2038885, 36.8484193], [-76.2039004, 36.8484195], [-76.2039027, 36.8483359], [-76.203891, 36.8483357], [-76.2038923, 36.8482864], [-76.2039045, 36.8482866], [-76.2039068, 36.8482016], [-76.2038955, 36.8482014], [-76.203896, 36.8481833], [-76.203921, 36.8481837], [-76.2039207, 36.848193], [-76.2040273, 36.8481948], [-76.2040276, 36.8481837]]]}, "properties": {"sources": [{"property": "", "dataset": "OpenStreetMap", "license": "ODbL-1.0", "record_id": "w406984514@2", "update_time": "2016-04-23T06:12:59.000Z", "confidence": null, "between": null}, {"property": "/properties/height", "dataset": "Microsoft ML Buildings", "license": "ODbL-1.0", "record_id": null, "update_time": "2022-08-15T00:00:00.000Z", "confidence": null, "between": null}], "height": 5.813821792602539, "is_underground": false, "subtype": "residential", "class": "residential", "has_parts": false, "version": 2}}, {"id": "d05001d1-e618-416b-879b-765c748a2db3", "type": "Feature", "geometry": {"type": "Polygon", "coordinates": [[[-76.2036704, 36.8484599], [-76.2035517, 36.848457], [-76.2035452, 36.8486313], [-76.2036638, 36.8486342], [-76.2036704, 36.8484599]]]}, "properties": {"sources": [{"property": "", "dataset": "OpenStreetMap", "license": "ODbL-1.0", "record_id": "w406984332@2", "update_time": "2016-04-23T06:12:45.000Z", "confidence": null, "between": null}, {"property": "/properties/height", "dataset": "Microsoft ML Buildings", "license": "ODbL-1.0", "record_id": null, "update_time": "2022-08-15T00:00:00.000Z", "confidence": null, "between": null}], "height": 7.149702548980713, "is_underground": false, "subtype": "residential", "class": "residential", "has_parts": false, "version": 2}}, {"id": "eaba17d0-92e0-40f2-b86b-000a2cb70e68", "type": "Feature", "geometry": {"type": "Polygon", "coordinates": [[[-76.2036859, 36.8487882], [-76.2035084, 36.8487858], [-76.2035027, 36.8490612], [-76.2036802, 36.8490638], [-76.2036859, 36.8487882]]]}, "properties": {"sources": [{"property": "", "dataset": "OpenStreetMap", "license": "ODbL-1.0", "record_id": "w406984546@2", "update_time": "2016-04-23T06:13:01.000Z", "confidence": null, "between": null}, {"property": "/properties/height", "dataset": "Microsoft ML Buildings", "license": "ODbL-1.0", "record_id": null, "update_time": "2022-08-15T00:00:00.000Z", "confidence": null, "between": null}], "height": 5.157188892364502, "is_underground": false, "subtype": "commercial", "class": "commercial", "has_parts": false, "version": 2}}, {"id": "f30e57ba-0f44-46bf-9000-6e4fd5046d21", "type": "Feature", "geometry": {"type": "Polygon", "coordinates": [[[-76.2030555, 36.8490341], [-76.2030561, 36.8490109], [-76.2030937, 36.8490116], [-76.2030954, 36.848947], [-76.2029542, 36.8489445], [-76.2029518, 36.8490323], [-76.2030555, 36.8490341]]]}, "properties": {"sources": [{"property": "", "dataset": "OpenStreetMap", "license": "ODbL-1.0", "record_id": "w412895972@1", "update_time": "2016-04-23T06:12:21.000Z", "confidence": null, "between": null}, {"property": "/properties/height", "dataset": "Microsoft ML Buildings", "license": "ODbL-1.0", "record_id": null, "update_time": "2022-08-15T00:00:00.000Z", "confidence": null, "between": null}], "height": 6.30123233795166, "is_underground": false, "has_parts": false, "version": 2}}, {"id": "9f0a0cae-3152-4154-b496-e2abf04fe372", "type": "Feature", "geometry": {"type": "Polygon", "coordinates": [[[-76.2029492, 36.8486683], [-76.2029463, 36.8487627], [-76.2031005, 36.8487657], [-76.2031033, 36.8486713], [-76.2029492, 36.8486683]]]}, "properties": {"sources": [{"property": "", "dataset": "Microsoft ML Buildings", "license": "ODbL-1.0", "record_id": null, "update_time": "2022-08-15T00:00:00.000Z", "confidence": null, "between": null}], "height": 4.3523359298706055, "is_underground": false, "has_parts": false, "version": 3}}, {"id": "cb3400a2-c5bc-4249-8772-77c7d0ba2205", "type": "Feature", "geometry": {"type": "Polygon", "coordinates": [[[-76.2029403, 36.8489001], [-76.2030856, 36.8489027], [-76.2030882, 36.8488091], [-76.2029428, 36.8488066], [-76.2029403, 36.8489001]]]}, "properties": {"sources": [{"property": "", "dataset": "OpenStreetMap", "license": "ODbL-1.0", "record_id": "w412895969@1", "update_time": "2016-04-23T06:12:21.000Z", "confidence": null, "between": null}, {"property": "/properties/height", "dataset": "Microsoft ML Buildings", "license": "ODbL-1.0", "record_id": null, "update_time": "2022-08-15T00:00:00.000Z", "confidence": null, "between": null}], "height": 4.845649242401123, "is_underground": false, "has_parts": false, "version": 2}}, {"id": "49bc3b42-7e34-47ab-99a6-327aeb68c962", "type": "Feature", "geometry": {"type": "Polygon", "coordinates": [[[-76.2030923, 36.8485337], [-76.2029543, 36.8485308], [-76.2029511, 36.8486265], [-76.2030892, 36.8486294], [-76.2030923, 36.8485337]]]}, "properties": {"sources": [{"property": "", "dataset": "Microsoft ML Buildings", "license": "ODbL-1.0", "record_id": null, "update_time": "2022-08-15T00:00:00.000Z", "confidence": null, "between": null}], "height": 4.5474324226379395, "is_underground": false, "has_parts": false, "version": 3}}, {"id": "d4703196-f4fb-41fb-a540-6926a46fbe68", "type": "Feature", "geometry": {"type": "Polygon", "coordinates": [[[-76.2027498, 36.8486921], [-76.2027524, 36.8485979], [-76.2026108, 36.8485954], [-76.2026082, 36.8486896], [-76.2027498, 36.8486921]]]}, "properties": {"sources": [{"property": "", "dataset": "OpenStreetMap", "license": "ODbL-1.0", "record_id": "w412895970@1", "update_time": "2016-04-23T06:12:21.000Z", "confidence": null, "between": null}, {"property": "/properties/height", "dataset": "Microsoft ML Buildings", "license": "ODbL-1.0", "record_id": null, "update_time": "2022-08-15T00:00:00.000Z", "confidence": null, "between": null}], "height": 4.619465351104736, "is_underground": false, "has_parts": false, "version": 2}}, {"id": "8be11300-ec7a-49b4-a56b-acd41b31a6ac", "type": "Feature", "geometry": {"type": "Polygon", "coordinates": [[[-76.2022403, 36.8484667], [-76.2021131, 36.8484713], [-76.2021154, 36.8485127], [-76.2021577, 36.8485112], [-76.20216, 36.8485531], [-76.202245, 36.84855], [-76.2022403, 36.8484667]]]}, "properties": {"sources": [{"property": "", "dataset": "OpenStreetMap", "license": "ODbL-1.0", "record_id": "w406984318@2", "update_time": "2016-04-23T06:12:44.000Z", "confidence": null, "between": null}, {"property": "/properties/height", "dataset": "Microsoft ML Buildings", "license": "ODbL-1.0", "record_id": null, "update_time": "2022-08-15T00:00:00.000Z", "confidence": null, "between": null}], "height": 3.6490025520324707, "is_underground": false, "subtype": "residential", "class": "residential", "has_parts": false, "version": 2}}, {"id": "948f40cd-8ded-4020-b194-328ec4662db8", "type": "Feature", "geometry": {"type": "Polygon", "coordinates": [[[-76.2021353, 36.8486981], [-76.2021557, 36.8486974], [-76.2021562, 36.8487058], [-76.2022589, 36.848702], [-76.2022578, 36.848682], [-76.2022758, 36.8486814], [-76.202274, 36.8486505], [-76.2022545, 36.8486512], [-76.2022533, 36.8486301], [-76.2021317, 36.8486346], [-76.2021353, 36.8486981]]]}, "properties": {"sources": [{"property": "", "dataset": "OpenStreetMap", "license": "ODbL-1.0", "record_id": "w406984346@2", "update_time": "2016-04-23T06:12:46.000Z", "confidence": null, "between": null}], "is_underground": false, "subtype": "residential", "class": "residential", "has_parts": false, "version": 1}}, {"id": "1f908401-35d0-4d69-b323-99cebba841be", "type": "Feature", "geometry": {"type": "Polygon", "coordinates": [[[-76.2020736, 36.8488201], [-76.2020714, 36.8489118], [-76.2021655, 36.8489132], [-76.2021651, 36.8489308], [-76.2022349, 36.8489318], [-76.2022365, 36.8488629], [-76.2022327, 36.8488629], [-76.2022342, 36.8488005], [-76.2021494, 36.8487992], [-76.2021496, 36.8487909], [-76.2020974, 36.8487901], [-76.2020967, 36.8488205], [-76.2020736, 36.8488201]]]}, "properties": {"sources": [{"property": "", "dataset": "OpenStreetMap", "license": "ODbL-1.0", "record_id": "w406984364@2", "update_time": "2016-04-23T06:12:46.000Z", "confidence": null, "between": null}, {"property": "/properties/height", "dataset": "Microsoft ML Buildings", "license": "ODbL-1.0", "record_id": null, "update_time": "2022-08-15T00:00:00.000Z", "confidence": null, "between": null}], "height": 5.331164836883545, "is_underground": false, "subtype": "residential", "class": "residential", "has_parts": false, "version": 2}}, {"id": "5bd78c34-33bc-4921-8d24-67087180d263", "type": "Feature", "geometry": {"type": "Polygon", "coordinates": [[[-76.2027511, 36.8488262], [-76.2027533, 36.8487331], [-76.2026152, 36.848731], [-76.2026144, 36.8487653], [-76.2025902, 36.8487649], [-76.2025889, 36.8488237], [-76.2027511, 36.8488262]]]}, "properties": {"sources": [{"property": "", "dataset": "Microsoft ML Buildings", "license": "ODbL-1.0", "record_id": null, "update_time": "2022-08-15T00:00:00.000Z", "confidence": null, "between": null}], "height": 4.97620964050293, "is_underground": false, "has_parts": false, "version": 3}}, {"id": "59468c55-6a8d-4bd2-a639-07399cc09a19", "type": "Feature", "geometry": {"type": "Polygon", "coordinates": [[[-76.2027445, 36.8489578], [-76.2027461, 36.8488698], [-76.2025825, 36.8488679], [-76.2025809, 36.8489559], [-76.2027445, 36.8489578]]]}, "properties": {"sources": [{"property": "", "dataset": "Microsoft ML Buildings", "license": "ODbL-1.0", "record_id": null, "update_time": "2022-08-15T00:00:00.000Z", "confidence": null, "between": null}], "height": 4.887599945068359, "is_underground": false, "has_parts": false, "version": 3}}, {"id": "eb591e82-0662-428c-a9f9-9ca1788bc7b3", "type": "Feature", "geometry": {"type": "Polygon", "coordinates": [[[-76.2027341, 36.8491004], [-76.2027366, 36.8490124], [-76.2025878, 36.8490097], [-76.2025853, 36.8490977], [-76.2027341, 36.8491004]]]}, "properties": {"sources": [{"property": "", "dataset": "Microsoft ML Buildings", "license": "ODbL-1.0", "record_id": null, "update_time": "2022-08-15T00:00:00.000Z", "confidence": null, "between": null}], "height": 5.3760986328125, "is_underground": false, "has_parts": false, "version": 3}}, {"id": "32fbd00c-a3d3-4e4f-9f3b-2a3e34efa5e2", "type": "Feature", "geometry": {"type": "Polygon", "coordinates": [[[-76.2022187, 36.8489837], [-76.2021045, 36.8489811], [-76.2021019, 36.8490536], [-76.2022353, 36.8490567], [-76.2022374, 36.8489966], [-76.2022183, 36.8489961], [-76.2022187, 36.8489837]]]}, "properties": {"sources": [{"property": "", "dataset": "OpenStreetMap", "license": "ODbL-1.0", "record_id": "w406984375@2", "update_time": "2016-04-23T06:12:47.000Z", "confidence": null, "between": null}, {"property": "/properties/height", "dataset": "Microsoft ML Buildings", "license": "ODbL-1.0", "record_id": null, "update_time": "2022-08-15T00:00:00.000Z", "confidence": null, "between": null}], "height": 6.0321784019470215, "is_underground": false, "subtype": "residential", "class": "residential", "has_parts": false, "version": 2}}, {"id": "dd62a691-c4d3-44cd-8c1f-375b4d47d5d4", "type": "Feature", "geometry": {"type": "Polygon", "coordinates": [[[-76.2018607, 36.8489283], [-76.2017642, 36.8489267], [-76.2017626, 36.8489859], [-76.2017331, 36.8489854], [-76.2017309, 36.8490699], [-76.2018569, 36.849072], [-76.2018607, 36.8489283]]]}, "properties": {"sources": [{"property": "", "dataset": "Microsoft ML Buildings", "license": "ODbL-1.0", "record_id": null, "update_time": "2022-08-15T00:00:00.000Z", "confidence": null, "between": null}], "height": 6.504915714263916, "is_underground": false, "has_parts": false, "version": 3}}, {"id": "1721966d-2248-43f8-9d3a-dac3850ce988", "type": "Feature", "geometry": {"type": "Polygon", "coordinates": [[[-76.202067, 36.8491922], [-76.2019598, 36.8491937], [-76.2019611, 36.8492552], [-76.2020684, 36.8492537], [-76.202067, 36.8491922]]]}, "properties": {"sources": [{"property": "", "dataset": "Microsoft ML Buildings", "license": "ODbL-1.0", "record_id": null, "update_time": "2022-08-15T00:00:00.000Z", "confidence": null, "between": null}], "height": 2.9420034885406494, "is_underground": false, "has_parts": false, "version": 3}}, {"id": "dd9bdf3f-b2a6-4da8-ae95-c661d87ac444", "type": "Feature", "geometry": {"type": "Polygon", "coordinates": [[[-76.2018613, 36.8487806], [-76.2018613, 36.8487722], [-76.2017381, 36.8487724], [-76.2017382, 36.8488309], [-76.2017288, 36.8488309], [-76.2017289, 36.8488725], [-76.2017447, 36.8488724], [-76.2017447, 36.8488662], [-76.2018584, 36.848866], [-76.2018584, 36.8488528], [-76.201868, 36.8488528], [-76.2018679, 36.8488421], [-76.2018925, 36.8488421], [-76.2018924, 36.8488096], [-76.2018757, 36.8488097], [-76.2018757, 36.8487806], [-76.2018613, 36.8487806]]]}, "properties": {"sources": [{"property": "", "dataset": "OpenStreetMap", "license": "ODbL-1.0", "record_id": "w406984362@2", "update_time": "2016-04-23T06:12:46.000Z", "confidence": null, "between": null}, {"property": "/properties/height", "dataset": "Microsoft ML Buildings", "license": "ODbL-1.0", "record_id": null, "update_time": "2022-08-15T00:00:00.000Z", "confidence": null, "between": null}], "height": 4.498185157775879, "is_underground": false, "subtype": "residential", "class": "residential", "has_parts": false, "version": 2}}, {"id": "5ac7e118-ae95-4c28-b442-13a191877d8f", "type": "Feature", "geometry": {"type": "Polygon", "coordinates": [[[-76.2017456, 36.8487317], [-76.2018954, 36.8487341], [-76.2018974, 36.8486918], [-76.2019071, 36.8486914], [-76.2019082, 36.8486306], [-76.2018577, 36.8486302], [-76.2018572, 36.8486242], [-76.2017853, 36.8486228], [-76.2017852, 36.8486264], [-76.2017399, 36.8486261], [-76.2017396, 36.8486595], [-76.2017159, 36.848659], [-76.2017151, 36.848687], [-76.2017462, 36.8486894], [-76.2017456, 36.8487317]]]}, "properties": {"sources": [{"property": "", "dataset": "OpenStreetMap", "license": "ODbL-1.0", "record_id": "w406984352@1", "update_time": "2016-04-01T15:10:43.000Z", "confidence": null, "between": null}, {"property": "/properties/height", "dataset": "Microsoft ML Buildings", "license": "ODbL-1.0", "record_id": null, "update_time": "2022-08-15T00:00:00.000Z", "confidence": null, "between": null}], "height": 4.421307563781738, "is_underground": false, "subtype": "residential", "class": "residential", "has_parts": false, "version": 2}}, {"id": "ef496e55-a3d6-499e-857a-a6b27d577cb6", "type": "Feature", "geometry": {"type": "Polygon", "coordinates": [[[-76.2018607, 36.8485835], [-76.2018926, 36.8485821], [-76.2018905, 36.848551], [-76.2018769, 36.8485516], [-76.2018723, 36.8484828], [-76.201792, 36.8484863], [-76.2017922, 36.8484888], [-76.2017103, 36.8484924], [-76.2017156, 36.8485707], [-76.2017953, 36.8485673], [-76.2017959, 36.8485763], [-76.20186, 36.8485736], [-76.2018607, 36.8485835]]]}, "properties": {"sources": [{"property": "", "dataset": "OpenStreetMap", "license": "ODbL-1.0", "record_id": "w406984336@2", "update_time": "2016-04-23T06:12:45.000Z", "confidence": null, "between": null}, {"property": "/properties/height", "dataset": "Microsoft ML Buildings", "license": "ODbL-1.0", "record_id": null, "update_time": "2022-08-15T00:00:00.000Z", "confidence": null, "between": null}], "height": 4.621345043182373, "is_underground": false, "subtype": "residential", "class": "residential", "has_parts": false, "version": 2}}, {"id": "7c46e24b-39d2-4fb3-9234-2017eefa702b", "type": "Feature", "geometry": {"type": "Polygon", "coordinates": [[[-76.2018651, 36.848276], [-76.2018576, 36.8482755], [-76.2018528, 36.848316], [-76.2019252, 36.8483215], [-76.20193, 36.8482812], [-76.2019039, 36.8482792], [-76.2019078, 36.848246], [-76.201869, 36.8482431], [-76.2018651, 36.848276]]]}, "properties": {"sources": [{"property": "", "dataset": "OpenStreetMap", "license": "ODbL-1.0", "record_id": "w406984622@2", "update_time": "2016-04-23T06:13:27.000Z", "confidence": null, "between": null}], "is_underground": false, "subtype": "residential", "class": "garage", "has_parts": false, "version": 1}}, {"id": "8584a528-50b4-4108-8110-694fa831eb07", "type": "Feature", "geometry": {"type": "Polygon", "coordinates": [[[-76.2017793, 36.8482128], [-76.2017884, 36.8482129], [-76.2017882, 36.848237], [-76.2018692, 36.8482374], [-76.2018697, 36.8481844], [-76.2019002, 36.8481846], [-76.2019005, 36.8481491], [-76.2017788, 36.8481485], [-76.2017786, 36.8481717], [-76.2017688, 36.8481716], [-76.2017686, 36.8482028], [-76.2017794, 36.8482028], [-76.2017793, 36.8482128]]]}, "properties": {"sources": [{"property": "", "dataset": "OpenStreetMap", "license": "ODbL-1.0", "record_id": "w406984291@2", "update_time": "2016-04-23T06:12:43.000Z", "confidence": null, "between": null}], "is_underground": false, "subtype": "residential", "class": "residential", "has_parts": false, "version": 1}}, {"id": "131d6069-d2fb-4b43-8e8c-a1e4a0b7d9fa", "type": "Feature", "geometry": {"type": "Polygon", "coordinates": [[[-76.2017406, 36.8481235], [-76.2019025, 36.8481267], [-76.2019077, 36.8480257], [-76.201777, 36.8480232], [-76.201776, 36.8480585], [-76.2017426, 36.8480585], [-76.2017406, 36.8481235]]]}, "properties": {"sources": [{"property": "", "dataset": "OpenStreetMap", "license": "ODbL-1.0", "record_id": "w406984275@1", "update_time": "2016-04-01T15:10:39.000Z", "confidence": null, "between": null}, {"property": "/properties/height", "dataset": "Microsoft ML Buildings", "license": "ODbL-1.0", "record_id": null, "update_time": "2022-08-15T00:00:00.000Z", "confidence": null, "between": null}], "height": 5.753405570983887, "is_underground": false, "subtype": "residential", "class": "residential", "has_parts": false, "version": 2}}, {"id": "12e871b1-5b1d-42a7-92a8-0f9768c576e0", "type": "Feature", "geometry": {"type": "Polygon", "coordinates": [[[-76.2020494, 36.8484691], [-76.2020501, 36.8484226], [-76.2020127, 36.8484223], [-76.2020121, 36.8484687], [-76.2020494, 36.8484691]]]}, "properties": {"sources": [{"property": "", "dataset": "OpenStreetMap", "license": "ODbL-1.0", "record_id": "w406984691@2", "update_time": "2016-04-23T06:13:19.000Z", "confidence": null, "between": null}], "is_underground": false, "has_parts": false, "version": 1}}, {"id": "fd7aeb78-b7f8-4f94-a033-7d1b33a3d25c", "type": "Feature", "geometry": {"type": "Polygon", "coordinates": [[[-76.2022405, 36.848369], [-76.2022446, 36.8483691], [-76.2022456, 36.8483378], [-76.2022588, 36.8483381], [-76.2022602, 36.8482954], [-76.2020889, 36.8482919], [-76.2020865, 36.8483679], [-76.2021606, 36.8483694], [-76.2021596, 36.8484002], [-76.2022394, 36.8484019], [-76.2022405, 36.848369]]]}, "properties": {"sources": [{"property": "", "dataset": "OpenStreetMap", "license": "ODbL-1.0", "record_id": "w406984294@2", "update_time": "2016-04-23T06:12:43.000Z", "confidence": null, "between": null}, {"property": "/properties/height", "dataset": "Microsoft ML Buildings", "license": "ODbL-1.0", "record_id": null, "update_time": "2022-08-15T00:00:00.000Z", "confidence": null, "between": null}], "height": 4.130213737487793, "is_underground": false, "subtype": "residential", "class": "residential", "has_parts": false, "version": 2}}, {"id": "1e0a77b3-636a-4d69-8abe-e2e1c7b8a766", "type": "Feature", "geometry": {"type": "Polygon", "coordinates": [[[-76.2026934, 36.8484376], [-76.202594, 36.8484359], [-76.2025913, 36.8485376], [-76.2027646, 36.8485407], [-76.2027665, 36.84847], [-76.2026926, 36.8484687], [-76.2026934, 36.8484376]]]}, "properties": {"sources": [{"property": "", "dataset": "OpenStreetMap", "license": "ODbL-1.0", "record_id": "w406984328@2", "update_time": "2016-04-23T06:13:36.000Z", "confidence": null, "between": null}, {"property": "/properties/height", "dataset": "Microsoft ML Buildings", "license": "ODbL-1.0", "record_id": null, "update_time": "2022-08-15T00:00:00.000Z", "confidence": null, "between": null}], "height": 3.800140380859375, "is_underground": false, "subtype": "residential", "class": "residential", "has_parts": false, "version": 2}}, {"id": "d6e7f548-175d-4d74-9110-c20946acc41c", "type": "Feature", "geometry": {"type": "Polygon", "coordinates": [[[-76.2027668, 36.8483622], [-76.2026046, 36.8483609], [-76.2026044, 36.8483937], [-76.2025953, 36.8483936], [-76.2025952, 36.848413], [-76.2027652, 36.8484146], [-76.2027668, 36.8483622]]]}, "properties": {"sources": [{"property": "", "dataset": "OpenStreetMap", "license": "ODbL-1.0", "record_id": "w406984313@2", "update_time": "2016-04-23T06:12:44.000Z", "confidence": null, "between": null}, {"property": "/properties/height", "dataset": "Microsoft ML Buildings", "license": "ODbL-1.0", "record_id": null, "update_time": "2022-08-15T00:00:00.000Z", "confidence": null, "between": null}], "height": 3.7691335678100586, "is_underground": false, "subtype": "residential", "class": "residential", "has_parts": false, "version": 2}}, {"id": "5f22cfc6-ae46-4b8a-b1fe-b8e24029bd28", "type": "Feature", "geometry": {"type": "Polygon", "coordinates": [[[-76.2027246, 36.8482898], [-76.2026131, 36.8482885], [-76.2026121, 36.8483434], [-76.202723, 36.8483447], [-76.202723, 36.848351], [-76.2027511, 36.8483514], [-76.2027518, 36.8483202], [-76.202724, 36.8483199], [-76.2027246, 36.8482898]]]}, "properties": {"sources": [{"property": "", "dataset": "OpenStreetMap", "license": "ODbL-1.0", "record_id": "w406984300@2", "update_time": "2016-04-23T06:12:44.000Z", "confidence": null, "between": null}], "is_underground": false, "subtype": "residential", "class": "residential", "has_parts": false, "version": 1}}, {"id": "fd10e357-6576-49a8-94e4-fff612ec4a80", "type": "Feature", "geometry": {"type": "Polygon", "coordinates": [[[-76.2027429, 36.8482207], [-76.2026305, 36.8482172], [-76.2026279, 36.8482718], [-76.2027403, 36.8482753], [-76.2027429, 36.8482207]]]}, "properties": {"sources": [{"property": "", "dataset": "OpenStreetMap", "license": "ODbL-1.0", "record_id": "w406984285@1", "update_time": "2016-04-01T15:10:39.000Z", "confidence": null, "between": null}], "is_underground": false, "subtype": "residential", "class": "residential", "has_parts": false, "version": 1}}, {"id": "a683d028-ef8a-4ec8-ae8d-9085ccc01483", "type": "Feature", "geometry": {"type": "Polygon", "coordinates": [[[-76.2026257, 36.8480463], [-76.2026234, 36.8481051], [-76.2026047, 36.8481051], [-76.2026042, 36.8481495], [-76.2026217, 36.8481491], [-76.2026196, 36.8482021], [-76.2027222, 36.8482047], [-76.2027282, 36.8480503], [-76.2026257, 36.8480463]]]}, "properties": {"sources": [{"property": "", "dataset": "OpenStreetMap", "license": "ODbL-1.0", "record_id": "w406984267@2", "update_time": "2016-04-23T06:12:43.000Z", "confidence": null, "between": null}, {"property": "/properties/height", "dataset": "Microsoft ML Buildings", "license": "ODbL-1.0", "record_id": null, "update_time": "2022-08-15T00:00:00.000Z", "confidence": null, "between": null}], "height": 6.171475887298584, "is_underground": false, "subtype": "residential", "class": "residential", "has_parts": false, "version": 2}}, {"id": "7b983e31-6c82-40ad-b64f-7e5ea45a5f80", "type": "Feature", "geometry": {"type": "Polygon", "coordinates": [[[-76.202139, 36.8481937], [-76.202123, 36.8481933], [-76.2021216, 36.8482257], [-76.2021369, 36.8482261], [-76.202136, 36.8482488], [-76.2022467, 36.8482518], [-76.2022506, 36.8481573], [-76.2021406, 36.8481543], [-76.202139, 36.8481937]]]}, "properties": {"sources": [{"property": "", "dataset": "OpenStreetMap", "license": "ODbL-1.0", "record_id": "w406984282@2", "update_time": "2016-04-23T06:12:43.000Z", "confidence": null, "between": null}], "is_underground": false, "subtype": "residential", "class": "residential", "has_parts": false, "version": 1}}, {"id": "d760378c-bd0d-469e-8bc7-822bd791f563", "type": "Feature", "geometry": {"type": "Polygon", "coordinates": [[[-76.20226, 36.8480989], [-76.2022613, 36.8480315], [-76.2020966, 36.8480271], [-76.2020922, 36.8481264], [-76.2022222, 36.8481284], [-76.2022231, 36.8480981], [-76.20226, 36.8480989]]]}, "properties": {"sources": [{"property": "", "dataset": "OpenStreetMap", "license": "ODbL-1.0", "record_id": "w406984260@1", "update_time": "2016-04-01T15:10:38.000Z", "confidence": null, "between": null}, {"property": "/properties/height", "dataset": "Microsoft ML Buildings", "license": "ODbL-1.0", "record_id": null, "update_time": "2022-08-15T00:00:00.000Z", "confidence": null, "between": null}], "height": 8.617204666137695, "is_underground": false, "subtype": "residential", "class": "residential", "has_parts": false, "version": 2}}, {"id": "5005e11a-4c6d-483d-93a1-ec55bcf68caf", "type": "Feature", "geometry": {"type": "Polygon", "coordinates": [[[-76.2022747, 36.8476898], [-76.2021712, 36.8476875], [-76.2021665, 36.8478283], [-76.2022695, 36.8478305], [-76.202271, 36.8477865], [-76.2022916, 36.8477869], [-76.2022934, 36.847735], [-76.2022732, 36.8477346], [-76.2022747, 36.8476898]]]}, "properties": {"sources": [{"property": "", "dataset": "OpenStreetMap", "license": "ODbL-1.0", "record_id": "w406984240@2", "update_time": "2016-04-23T06:12:42.000Z", "confidence": null, "between": null}, {"property": "/properties/height", "dataset": "Microsoft ML Buildings", "license": "ODbL-1.0", "record_id": null, "update_time": "2022-08-15T00:00:00.000Z", "confidence": null, "between": null}], "height": 4.184129238128662, "is_underground": false, "subtype": "residential", "class": "residential", "has_parts": false, "version": 2}}, {"id": "e7309eac-3136-4339-9a9a-c6e641acfc20", "type": "Feature", "geometry": {"type": "Polygon", "coordinates": [[[-76.2019112, 36.8477455], [-76.2019114, 36.8477291], [-76.2017681, 36.8477282], [-76.2017678, 36.8477617], [-76.2017539, 36.8477617], [-76.2017537, 36.8477847], [-76.2017661, 36.8477848], [-76.2017657, 36.8478283], [-76.2018521, 36.8478288], [-76.2018525, 36.8477816], [-76.2019077, 36.8477819], [-76.2019079, 36.8477626], [-76.2019209, 36.8477627], [-76.2019211, 36.8477455], [-76.2019112, 36.8477455]]]}, "properties": {"sources": [{"property": "", "dataset": "OpenStreetMap", "license": "ODbL-1.0", "record_id": "w406984250@1", "update_time": "2016-04-01T15:10:37.000Z", "confidence": null, "between": null}, {"property": "/properties/height", "dataset": "Microsoft ML Buildings", "license": "ODbL-1.0", "record_id": null, "update_time": "2022-08-15T00:00:00.000Z", "confidence": null, "between": null}], "height": 6.284905433654785, "is_underground": false, "subtype": "residential", "class": "residential", "has_parts": false, "version": 2}}, {"id": "9f999511-eafb-48a3-9213-09df27c41cf6", "type": "Feature", "geometry": {"type": "Polygon", "coordinates": [[[-76.201215, 36.8477171], [-76.2012159, 36.8477867], [-76.2013953, 36.8477841], [-76.2014097, 36.8477831], [-76.2014094, 36.8477613], [-76.2013944, 36.8477614], [-76.2013938, 36.8477141], [-76.2013557, 36.8477144], [-76.2013553, 36.8476786], [-76.2012836, 36.8476792], [-76.2012841, 36.8477165], [-76.201215, 36.8477171]]]}, "properties": {"sources": [{"property": "", "dataset": "OpenStreetMap", "license": "ODbL-1.0", "record_id": "w406984252@2", "update_time": "2016-04-23T06:13:36.000Z", "confidence": null, "between": null}, {"property": "/properties/height", "dataset": "Microsoft ML Buildings", "license": "ODbL-1.0", "record_id": null, "update_time": "2022-08-15T00:00:00.000Z", "confidence": null, "between": null}], "height": 4.441176414489746, "is_underground": false, "subtype": "residential", "class": "residential", "has_parts": false, "version": 2}}, {"id": "52c02927-4bda-4fc5-8e19-9f821d7cd0bf", "type": "Feature", "geometry": {"type": "Polygon", "coordinates": [[[-76.2009024, 36.8477079], [-76.2009337, 36.8477085], [-76.2009326, 36.8477561], [-76.2009518, 36.8477562], [-76.2009515, 36.8477896], [-76.2010934, 36.8477904], [-76.2010954, 36.8476879], [-76.2011218, 36.8476884], [-76.2011228, 36.8476534], [-76.200904, 36.8476495], [-76.2009024, 36.8477079]]]}, "properties": {"sources": [{"property": "", "dataset": "OpenStreetMap", "license": "ODbL-1.0", "record_id": "w406984248@2", "update_time": "2016-04-23T06:12:42.000Z", "confidence": null, "between": null}, {"property": "/properties/height", "dataset": "Microsoft ML Buildings", "license": "ODbL-1.0", "record_id": null, "update_time": "2022-08-15T00:00:00.000Z", "confidence": null, "between": null}], "height": 3.430537700653076, "is_underground": false, "subtype": "residential", "class": "residential", "has_parts": false, "version": 2}}, {"id": "3d50e821-5af0-4c2e-9032-54da8a077822", "type": "Feature", "geometry": {"type": "Polygon", "coordinates": [[[-76.2008783, 36.8480226], [-76.2008574, 36.8480221], [-76.2008563, 36.8480497], [-76.2008809, 36.8480504], [-76.2008792, 36.8480953], [-76.2009866, 36.848098], [-76.2009872, 36.8480822], [-76.201012, 36.8480828], [-76.2010129, 36.8480592], [-76.2010305, 36.8480597], [-76.2010316, 36.8480311], [-76.2010155, 36.8480307], [-76.2010159, 36.848021], [-76.2009899, 36.8480203], [-76.2009904, 36.8480085], [-76.200879, 36.8480056], [-76.2008783, 36.8480226]]]}, "properties": {"sources": [{"property": "", "dataset": "OpenStreetMap", "license": "ODbL-1.0", "record_id": "w406984272@2", "update_time": "2016-04-23T06:12:43.000Z", "confidence": null, "between": null}, {"property": "/properties/height", "dataset": "Microsoft ML Buildings", "license": "ODbL-1.0", "record_id": null, "update_time": "2022-08-15T00:00:00.000Z", "confidence": null, "between": null}], "height": 3.958122491836548, "is_underground": false, "subtype": "residential", "class": "residential", "has_parts": false, "version": 2}}, {"id": "ec0fa65e-bada-41fd-8f1c-8eb13cecaaad", "type": "Feature", "geometry": {"type": "Polygon", "coordinates": [[[-76.2014081, 36.8481088], [-76.2014157, 36.8480126], [-76.2012305, 36.8480138], [-76.2012278, 36.8481034], [-76.2014081, 36.8481088]]]}, "properties": {"sources": [{"property": "", "dataset": "OpenStreetMap", "license": "ODbL-1.0", "record_id": "w406984265@1", "update_time": "2016-04-01T15:10:38.000Z", "confidence": null, "between": null}, {"property": "/properties/height", "dataset": "Microsoft ML Buildings", "license": "ODbL-1.0", "record_id": null, "update_time": "2022-08-15T00:00:00.000Z", "confidence": null, "between": null}], "height": 6.726884841918945, "is_underground": false, "subtype": "residential", "class": "residential", "has_parts": false, "version": 2}}, {"id": "a97ec806-2073-4a06-8d53-4b622d57e808", "type": "Feature", "geometry": {"type": "Polygon", "coordinates": [[[-76.2013993, 36.8482412], [-76.2014006, 36.8481583], [-76.2012345, 36.848155], [-76.2012321, 36.848237], [-76.2013993, 36.8482412]]]}, "properties": {"sources": [{"property": "", "dataset": "OpenStreetMap", "license": "ODbL-1.0", "record_id": "w406984284@1", "update_time": "2016-04-01T15:10:39.000Z", "confidence": null, "between": null}, {"property": "/properties/height", "dataset": "Microsoft ML Buildings", "license": "ODbL-1.0", "record_id": null, "update_time": "2022-08-15T00:00:00.000Z", "confidence": null, "between": null}], "height": 5.1243486404418945, "is_underground": false, "subtype": "residential", "class": "residential", "has_parts": false, "version": 2}}, {"id": "e76a996b-1674-4029-9f6d-497d15f40a63", "type": "Feature", "geometry": {"type": "Polygon", "coordinates": [[[-76.2013071, 36.8484455], [-76.2014028, 36.848448], [-76.2014093, 36.8482811], [-76.2013136, 36.8482787], [-76.2013071, 36.8484455]]]}, "properties": {"sources": [{"property": "", "dataset": "OpenStreetMap", "license": "ODbL-1.0", "record_id": "w406984307@2", "update_time": "2016-04-23T06:12:44.000Z", "confidence": null, "between": null}, {"property": "/properties/height", "dataset": "Microsoft ML Buildings", "license": "ODbL-1.0", "record_id": null, "update_time": "2022-08-15T00:00:00.000Z", "confidence": null, "between": null}], "height": 4.349251747131348, "is_underground": false, "subtype": "residential", "class": "residential", "has_parts": false, "version": 2}}, {"id": "57f4bf3b-1e82-45e3-8ead-7e75fb5cee25", "type": "Feature", "geometry": {"type": "Polygon", "coordinates": [[[-76.2004554, 36.8482165], [-76.2005402, 36.8482183], [-76.2005421, 36.8481601], [-76.2005568, 36.8481604], [-76.2005592, 36.8480867], [-76.2005453, 36.8480864], [-76.2005464, 36.8480518], [-76.2004391, 36.8480495], [-76.2004355, 36.8481613], [-76.2004571, 36.8481617], [-76.2004554, 36.8482165]]]}, "properties": {"sources": [{"property": "", "dataset": "OpenStreetMap", "license": "ODbL-1.0", "record_id": "w406984263@2", "update_time": "2016-04-23T06:12:42.000Z", "confidence": null, "between": null}, {"property": "/properties/height", "dataset": "Microsoft ML Buildings", "license": "ODbL-1.0", "record_id": null, "update_time": "2022-08-15T00:00:00.000Z", "confidence": null, "between": null}], "height": 3.9846906661987305, "is_underground": false, "subtype": "residential", "class": "residential", "has_parts": false, "version": 2}}, {"id": "3315ef3e-84a2-4930-aa90-434e8e20d71f", "type": "Feature", "geometry": {"type": "Polygon", "coordinates": [[[-76.2004169, 36.8484104], [-76.2005384, 36.8484121], [-76.2005399, 36.8483474], [-76.2005244, 36.8483472], [-76.2005253, 36.8483073], [-76.2003664, 36.848305], [-76.2003649, 36.8483736], [-76.2004177, 36.8483744], [-76.2004169, 36.8484104]]]}, "properties": {"sources": [{"property": "", "dataset": "OpenStreetMap", "license": "ODbL-1.0", "record_id": "w406984298@3", "update_time": "2022-02-16T00:13:29.000Z", "confidence": null, "between": null}, {"property": "/properties/height", "dataset": "Microsoft ML Buildings", "license": "ODbL-1.0", "record_id": null, "update_time": "2022-08-15T00:00:00.000Z", "confidence": null, "between": null}], "height": 3.7852375507354736, "is_underground": false, "num_floors": 2, "subtype": "residential", "class": "residential", "has_parts": false, "version": 2}}, {"id": "44088341-57ab-4756-bfc6-853d46fd06ee", "type": "Feature", "geometry": {"type": "Polygon", "coordinates": [[[-76.2001934, 36.8481529], [-76.200196, 36.8480757], [-76.2001477, 36.8480747], [-76.2001487, 36.8480446], [-76.2000656, 36.8480429], [-76.2000639, 36.8480957], [-76.2000424, 36.8480952], [-76.2000406, 36.8481497], [-76.2001934, 36.8481529]]]}, "properties": {"sources": [{"property": "", "dataset": "Microsoft ML Buildings", "license": "ODbL-1.0", "record_id": null, "update_time": "2022-08-15T00:00:00.000Z", "confidence": null, "between": null}], "height": 5.149458885192871, "is_underground": false, "has_parts": false, "version": 3}}, {"id": "41a6c9a8-a16f-442c-86f4-3d3d99de9514", "type": "Feature", "geometry": {"type": "Polygon", "coordinates": [[[-76.2005889, 36.8477087], [-76.2005335, 36.847703], [-76.2005248, 36.8477583], [-76.2005801, 36.847764], [-76.2005889, 36.8477087]]]}, "properties": {"sources": [{"property": "", "dataset": "OpenStreetMap", "license": "ODbL-1.0", "record_id": "w406984706@2", "update_time": "2016-04-23T06:13:23.000Z", "confidence": null, "between": null}], "is_underground": false, "subtype": "residential", "class": "garage", "has_parts": false, "version": 1}}, {"id": "073f6cb4-4a2c-48fa-b247-18dc8db45790", "type": "Feature", "geometry": {"type": "Polygon", "coordinates": [[[-76.1995328, 36.8480893], [-76.1997122, 36.8480908], [-76.1997129, 36.8479949], [-76.199595, 36.847993], [-76.199594, 36.8480216], [-76.1995334, 36.8480199], [-76.1995328, 36.8480893]]]}, "properties": {"sources": [{"property": "", "dataset": "OpenStreetMap", "license": "ODbL-1.0", "record_id": "w1031864054@1", "update_time": "2022-02-16T00:13:29.000Z", "confidence": null, "between": null}, {"property": "/properties/height", "dataset": "Microsoft ML Buildings", "license": "ODbL-1.0", "record_id": null, "update_time": "2022-08-15T00:00:00.000Z", "confidence": null, "between": null}], "height": 4.746880054473877, "is_underground": false, "subtype": "residential", "class": "residential", "has_parts": false, "version": 2}}, {"id": "87150ccd-1bda-48c4-92a1-ac4113dcba22", "type": "Feature", "geometry": {"type": "Polygon", "coordinates": [[[-76.1992882, 36.8477896], [-76.1992881, 36.8477997], [-76.1993911, 36.8477998], [-76.1993923, 36.8477016], [-76.1993351, 36.8477015], [-76.1993345, 36.8477213], [-76.1991642, 36.8477203], [-76.1991636, 36.8477865], [-76.1991885, 36.8477867], [-76.1991883, 36.8478123], [-76.1992374, 36.8478126], [-76.1992376, 36.8477894], [-76.1992882, 36.8477896]]]}, "properties": {"sources": [{"property": "", "dataset": "OpenStreetMap", "license": "ODbL-1.0", "record_id": "w406984257@2", "update_time": "2016-04-23T06:12:42.000Z", "confidence": null, "between": null}, {"property": "/properties/height", "dataset": "Microsoft ML Buildings", "license": "ODbL-1.0", "record_id": null, "update_time": "2022-08-15T00:00:00.000Z", "confidence": null, "between": null}], "height": 2.398535966873169, "is_underground": false, "subtype": "residential", "class": "residential", "has_parts": false, "version": 2}}, {"id": "5fb945bf-36ee-4afd-8db8-aed6bdc06f19", "type": "Feature", "geometry": {"type": "Polygon", "coordinates": [[[-76.1987677, 36.8481154], [-76.1987155, 36.8481137], [-76.198713, 36.8481633], [-76.1987613, 36.8481649], [-76.1987593, 36.8482037], [-76.1988539, 36.8482068], [-76.1988623, 36.8480422], [-76.1987716, 36.8480393], [-76.1987677, 36.8481154]]]}, "properties": {"sources": [{"property": "", "dataset": "OpenStreetMap", "license": "ODbL-1.0", "record_id": "w406984280@2", "update_time": "2016-04-23T06:12:43.000Z", "confidence": null, "between": null}, {"property": "/properties/height", "dataset": "Microsoft ML Buildings", "license": "ODbL-1.0", "record_id": null, "update_time": "2022-08-15T00:00:00.000Z", "confidence": null, "between": null}], "height": 4.5511932373046875, "is_underground": false, "subtype": "residential", "class": "residential", "has_parts": false, "version": 2}}, {"id": "767899da-a114-4472-b2b0-1de27051b8b3", "type": "Feature", "geometry": {"type": "Polygon", "coordinates": [[[-76.1996957, 36.8483812], [-76.1994918, 36.8483746], [-76.1994859, 36.8484916], [-76.1996898, 36.8484982], [-76.1996957, 36.8483812]]]}, "properties": {"sources": [{"property": "", "dataset": "OpenStreetMap", "license": "ODbL-1.0", "record_id": "w406984316@2", "update_time": "2016-04-23T06:12:44.000Z", "confidence": null, "between": null}, {"property": "/properties/height", "dataset": "Microsoft ML Buildings", "license": "ODbL-1.0", "record_id": null, "update_time": "2022-08-15T00:00:00.000Z", "confidence": null, "between": null}], "height": 4.083333492279053, "is_underground": false, "subtype": "commercial", "class": "commercial", "has_parts": false, "version": 2}}, {"id": "6135887d-4367-4db1-8aac-6f4924914c36", "type": "Feature", "geometry": {"type": "Polygon", "coordinates": [[[-76.1994838, 36.848075], [-76.199437, 36.8480736], [-76.1994338, 36.8481452], [-76.1995027, 36.8481472], [-76.1995047, 36.8481028], [-76.1994826, 36.8481022], [-76.1994838, 36.848075]]]}, "properties": {"sources": [{"property": "", "dataset": "OpenStreetMap", "license": "ODbL-1.0", "record_id": "w406984681@1", "update_time": "2016-04-01T15:11:17.000Z", "confidence": null, "between": null}], "is_underground": false, "subtype": "residential", "class": "garage", "has_parts": false, "version": 1}}, {"id": "39f1359d-faea-40c5-8cb9-5303594866e0", "type": "Feature", "geometry": {"type": "Polygon", "coordinates": [[[-76.1995783, 36.848224], [-76.1996835, 36.8482254], [-76.1996848, 36.8481825], [-76.1997254, 36.8481816], [-76.1997262, 36.8481207], [-76.1997022, 36.848121], [-76.199702, 36.8481148], [-76.1996633, 36.8481154], [-76.1996627, 36.84812], [-76.1995442, 36.8481178], [-76.1995448, 36.8481801], [-76.1995638, 36.8481813], [-76.1995642, 36.8481851], [-76.1995791, 36.8481853], [-76.1995783, 36.848224]]]}, "properties": {"sources": [{"property": "", "dataset": "OpenStreetMap", "license": "ODbL-1.0", "record_id": "w1031864055@1", "update_time": "2022-02-16T00:13:29.000Z", "confidence": null, "between": null}, {"property": "/properties/height", "dataset": "Microsoft ML Buildings", "license": "ODbL-1.0", "record_id": null, "update_time": "2022-08-15T00:00:00.000Z", "confidence": null, "between": null}], "height": 3.8599917888641357, "is_underground": false, "subtype": "residential", "class": "residential", "has_parts": false, "version": 2}}, {"id": "d94720b8-ca70-47a0-bed5-4255afe9102b", "type": "Feature", "geometry": {"type": "Polygon", "coordinates": [[[-76.2000339, 36.8483087], [-76.2000516, 36.8483091], [-76.2000498, 36.8483689], [-76.2001332, 36.8483705], [-76.2001349, 36.8483143], [-76.2001537, 36.8483146], [-76.200157, 36.8482043], [-76.2000496, 36.8482022], [-76.2000485, 36.8482372], [-76.2000361, 36.848237], [-76.2000339, 36.8483087]]]}, "properties": {"sources": [{"property": "", "dataset": "OpenStreetMap", "license": "ODbL-1.0", "record_id": "w406984304@2", "update_time": "2016-04-23T06:12:44.000Z", "confidence": null, "between": null}, {"property": "/properties/height", "dataset": "Microsoft ML Buildings", "license": "ODbL-1.0", "record_id": null, "update_time": "2022-08-15T00:00:00.000Z", "confidence": null, "between": null}], "height": 3.7866837978363037, "is_underground": false, "subtype": "residential", "class": "residential", "has_parts": false, "version": 2}}, {"id": "582deaa5-99ca-4cc9-b9f5-fefd4bc2500d", "type": "Feature", "geometry": {"type": "Polygon", "coordinates": [[[-76.200029, 36.8485716], [-76.2000428, 36.8485718], [-76.200041, 36.8486304], [-76.2001254, 36.848632], [-76.2001271, 36.8485768], [-76.2001466, 36.8485771], [-76.2001499, 36.8484668], [-76.2000425, 36.8484647], [-76.2000415, 36.8484983], [-76.2000311, 36.8484981], [-76.200029, 36.8485716]]]}, "properties": {"sources": [{"property": "", "dataset": "OpenStreetMap", "license": "ODbL-1.0", "record_id": "w406984334@2", "update_time": "2016-04-23T06:12:45.000Z", "confidence": null, "between": null}, {"property": "/properties/height", "dataset": "Microsoft ML Buildings", "license": "ODbL-1.0", "record_id": null, "update_time": "2022-08-15T00:00:00.000Z", "confidence": null, "between": null}], "height": 3.681673049926758, "is_underground": false, "subtype": "residential", "class": "residential", "has_parts": false, "version": 2}}, {"id": "06026702-1b1a-4b91-b381-3224f5c38d36", "type": "Feature", "geometry": {"type": "Polygon", "coordinates": [[[-76.1996528, 36.8488406], [-76.1996535, 36.8488076], [-76.1995597, 36.8488062], [-76.199559, 36.8488371], [-76.1995254, 36.8488366], [-76.1995237, 36.8489139], [-76.1996873, 36.8489162], [-76.199689, 36.8488411], [-76.1996528, 36.8488406]]]}, "properties": {"sources": [{"property": "", "dataset": "Microsoft ML Buildings", "license": "ODbL-1.0", "record_id": null, "update_time": "2022-08-15T00:00:00.000Z", "confidence": null, "between": null}], "height": 4.817095756530762, "is_underground": false, "has_parts": false, "version": 3}}, {"id": "9f677d30-02c1-4004-bf09-0b1fe8827d53", "type": "Feature", "geometry": {"type": "Polygon", "coordinates": [[[-76.1995833, 36.8485916], [-76.1995843, 36.848729], [-76.1997054, 36.8487285], [-76.199705, 36.8486696], [-76.1996891, 36.8486696], [-76.1996885, 36.8485911], [-76.1995833, 36.8485916]]]}, "properties": {"sources": [{"property": "", "dataset": "OpenStreetMap", "license": "ODbL-1.0", "record_id": "w406984320@1", "update_time": "2016-04-01T15:10:41.000Z", "confidence": null, "between": null}, {"property": "/properties/height", "dataset": "Microsoft ML Buildings", "license": "ODbL-1.0", "record_id": null, "update_time": "2022-08-15T00:00:00.000Z", "confidence": null, "between": null}], "height": 3.3251161575317383, "is_underground": false, "subtype": "residential", "class": "residential", "has_parts": false, "version": 2}}, {"id": "18b27f5b-6c54-4eac-935a-9e8eb152d771", "type": "Feature", "geometry": {"type": "Polygon", "coordinates": [[[-76.1993281, 36.8485285], [-76.1991788, 36.8485241], [-76.1991745, 36.8486194], [-76.1993191, 36.8486237], [-76.1993201, 36.8486006], [-76.1993575, 36.8486016], [-76.1993595, 36.8485579], [-76.1993268, 36.8485569], [-76.1993281, 36.8485285]]]}, "properties": {"sources": [{"property": "", "dataset": "OpenStreetMap", "license": "ODbL-1.0", "record_id": "w406984343@2", "update_time": "2016-04-23T06:12:46.000Z", "confidence": null, "between": null}, {"property": "/properties/height", "dataset": "Microsoft ML Buildings", "license": "ODbL-1.0", "record_id": null, "update_time": "2022-08-15T00:00:00.000Z", "confidence": null, "between": null}], "height": 3.8298821449279785, "is_underground": false, "subtype": "residential", "class": "residential", "has_parts": false, "version": 2}}, {"id": "2c8f8613-c13a-41c8-af2c-2fc835949511", "type": "Feature", "geometry": {"type": "Polygon", "coordinates": [[[-76.1992699, 36.8486503], [-76.1991593, 36.848648], [-76.1991542, 36.8488051], [-76.1992648, 36.8488074], [-76.1992699, 36.8486503]]]}, "properties": {"sources": [{"property": "", "dataset": "OpenStreetMap", "license": "ODbL-1.0", "record_id": "w406984357@2", "update_time": "2016-04-23T06:12:46.000Z", "confidence": null, "between": null}, {"property": "/properties/height", "dataset": "Microsoft ML Buildings", "license": "ODbL-1.0", "record_id": null, "update_time": "2022-08-15T00:00:00.000Z", "confidence": null, "between": null}], "height": 4.000602722167969, "is_underground": false, "subtype": "residential", "class": "residential", "has_parts": false, "version": 2}}, {"id": "5230bf3f-ffac-4f99-ae36-e6877407cfca", "type": "Feature", "geometry": {"type": "Polygon", "coordinates": [[[-76.199143, 36.8490043], [-76.1991652, 36.8490044], [-76.1991651, 36.8490302], [-76.1992572, 36.8490306], [-76.1992574, 36.8490106], [-76.1992767, 36.8490106], [-76.199277, 36.8489743], [-76.1992602, 36.8489742], [-76.1992605, 36.8489364], [-76.1991664, 36.848936], [-76.1991663, 36.8489567], [-76.1991433, 36.8489566], [-76.199143, 36.8490043]]]}, "properties": {"sources": [{"property": "", "dataset": "OpenStreetMap", "license": "ODbL-1.0", "record_id": "w406984379@2", "update_time": "2016-04-23T06:12:47.000Z", "confidence": null, "between": null}, {"property": "/properties/height", "dataset": "Microsoft ML Buildings", "license": "ODbL-1.0", "record_id": null, "update_time": "2022-08-15T00:00:00.000Z", "confidence": null, "between": null}], "height": 5.554866313934326, "is_underground": false, "subtype": "residential", "class": "residential", "has_parts": false, "version": 2}}, {"id": "29b48303-dce3-4f16-999f-02033bbb4e38", "type": "Feature", "geometry": {"type": "Polygon", "coordinates": [[[-76.1988633, 36.8489368], [-76.1987312, 36.8489324], [-76.1987274, 36.8490071], [-76.1988595, 36.8490115], [-76.1988633, 36.8489368]]]}, "properties": {"sources": [{"property": "", "dataset": "OpenStreetMap", "license": "ODbL-1.0", "record_id": "w406984377@2", "update_time": "2016-04-23T06:12:47.000Z", "confidence": null, "between": null}, {"property": "/properties/height", "dataset": "Microsoft ML Buildings", "license": "ODbL-1.0", "record_id": null, "update_time": "2022-08-15T00:00:00.000Z", "confidence": null, "between": null}], "height": 4.833122730255127, "is_underground": false, "subtype": "residential", "class": "residential", "has_parts": false, "version": 2}}, {"id": "456632ad-705f-4480-abcd-79b4fb2ca959", "type": "Feature", "geometry": {"type": "Polygon", "coordinates": [[[-76.1991528, 36.8493181], [-76.1993017, 36.8493195], [-76.1993019, 36.8493066], [-76.199317, 36.8493067], [-76.1993174, 36.8492819], [-76.1993032, 36.8492818], [-76.1993041, 36.8492227], [-76.1991542, 36.8492213], [-76.1991528, 36.8493181]]]}, "properties": {"sources": [{"property": "", "dataset": "OpenStreetMap", "license": "ODbL-1.0", "record_id": "w1031864051@1", "update_time": "2022-02-16T00:13:29.000Z", "confidence": null, "between": null}, {"property": "/properties/height", "dataset": "Microsoft ML Buildings", "license": "ODbL-1.0", "record_id": null, "update_time": "2022-08-15T00:00:00.000Z", "confidence": null, "between": null}], "height": 4.223140716552734, "is_underground": false, "subtype": "residential", "class": "residential", "has_parts": false, "version": 2}}, {"id": "203099b0-505c-4514-9071-867c0760538a", "type": "Feature", "geometry": {"type": "Polygon", "coordinates": [[[-76.1994021, 36.8492531], [-76.1993512, 36.8492518], [-76.1993484, 36.8493226], [-76.1993993, 36.8493238], [-76.1994021, 36.8492531]]]}, "properties": {"sources": [{"property": "", "dataset": "Microsoft ML Buildings", "license": "ODbL-1.0", "record_id": null, "update_time": "2022-08-15T00:00:00.000Z", "confidence": null, "between": null}], "height": 2.0, "is_underground": false, "has_parts": false, "version": 3}}, {"id": "c2476088-08a8-4e2d-b277-84499b1806ba", "type": "Feature", "geometry": {"type": "Polygon", "coordinates": [[[-76.1994871, 36.849321], [-76.1994893, 36.8492566], [-76.1994331, 36.8492553], [-76.1994308, 36.8493197], [-76.1994871, 36.849321]]]}, "properties": {"sources": [{"property": "", "dataset": "Microsoft ML Buildings", "license": "ODbL-1.0", "record_id": null, "update_time": "2022-08-15T00:00:00.000Z", "confidence": null, "between": null}], "height": 2.0, "is_underground": false, "has_parts": false, "version": 3}}, {"id": "3d681ff2-cd55-4373-9ecb-459179454526", "type": "Feature", "geometry": {"type": "Polygon", "coordinates": [[[-76.1995253, 36.849329], [-76.1996798, 36.8493294], [-76.1996802, 36.8492318], [-76.1995326, 36.8492314], [-76.1995325, 36.8492418], [-76.1995166, 36.8492417], [-76.1995165, 36.8492695], [-76.1995256, 36.8492695], [-76.1995253, 36.849329]]]}, "properties": {"sources": [{"property": "", "dataset": "OpenStreetMap", "license": "ODbL-1.0", "record_id": "w1031864053@1", "update_time": "2022-02-16T00:13:29.000Z", "confidence": null, "between": null}, {"property": "/properties/height", "dataset": "Microsoft ML Buildings", "license": "ODbL-1.0", "record_id": null, "update_time": "2022-08-15T00:00:00.000Z", "confidence": null, "between": null}], "height": 4.550091743469238, "is_underground": false, "subtype": "residential", "class": "residential", "has_parts": false, "version": 2}}, {"id": "67f10ac2-fee9-4672-b5e9-ac3a6a59934c", "type": "Feature", "geometry": {"type": "Polygon", "coordinates": [[[-76.1996754, 36.8489462], [-76.1995322, 36.8489421], [-76.1995284, 36.8490293], [-76.1996716, 36.8490333], [-76.1996754, 36.8489462]]]}, "properties": {"sources": [{"property": "", "dataset": "OpenStreetMap", "license": "ODbL-1.0", "record_id": "w406984563@2", "update_time": "2016-04-23T06:13:06.000Z", "confidence": null, "between": null}, {"property": "/properties/height", "dataset": "Microsoft ML Buildings", "license": "ODbL-1.0", "record_id": null, "update_time": "2022-08-15T00:00:00.000Z", "confidence": null, "between": null}], "height": 4.933333396911621, "is_underground": false, "subtype": "residential", "class": "residential", "has_parts": false, "version": 2}}, {"id": "2fdb4e25-1d26-42a5-a4ab-970f0f29b8fe", "type": "Feature", "geometry": {"type": "Polygon", "coordinates": [[[-76.200135, 36.8492844], [-76.199996, 36.8492784], [-76.1999928, 36.849327], [-76.2000161, 36.849328], [-76.2000137, 36.8493634], [-76.2001295, 36.8493683], [-76.200135, 36.8492844]]]}, "properties": {"sources": [{"property": "", "dataset": "OpenStreetMap", "license": "ODbL-1.0", "record_id": "w406984387@2", "update_time": "2016-04-23T06:12:47.000Z", "confidence": null, "between": null}, {"property": "/properties/height", "dataset": "Microsoft ML Buildings", "license": "ODbL-1.0", "record_id": null, "update_time": "2022-08-15T00:00:00.000Z", "confidence": null, "between": null}], "height": 2.70481276512146, "is_underground": false, "subtype": "residential", "class": "residential", "has_parts": false, "version": 2}}, {"id": "89cd12ce-bddd-4662-a41a-4a087567c644", "type": "Feature", "geometry": {"type": "Polygon", "coordinates": [[[-76.2004542, 36.8492497], [-76.2004086, 36.8492486], [-76.2004058, 36.8493236], [-76.2004514, 36.8493248], [-76.2004542, 36.8492497]]]}, "properties": {"sources": [{"property": "", "dataset": "OpenStreetMap", "license": "ODbL-1.0", "record_id": "w406984670@2", "update_time": "2016-04-23T06:13:20.000Z", "confidence": null, "between": null}], "is_underground": false, "subtype": "residential", "class": "garage", "has_parts": false, "version": 1}}, {"id": "4d40bcd3-d52d-403e-8f8b-f4f9d1f8a60a", "type": "Feature", "geometry": {"type": "Polygon", "coordinates": [[[-76.2005136, 36.8493639], [-76.2004736, 36.8493626], [-76.2004718, 36.8493973], [-76.2005278, 36.8493992], [-76.2005268, 36.8494182], [-76.2005761, 36.8494198], [-76.2005773, 36.8493965], [-76.2005891, 36.8493969], [-76.200593, 36.8493214], [-76.2005824, 36.8493211], [-76.2005872, 36.84923], [-76.2005208, 36.8492277], [-76.2005136, 36.8493639]]]}, "properties": {"sources": [{"property": "", "dataset": "OpenStreetMap", "license": "ODbL-1.0", "record_id": "w406984558@2", "update_time": "2016-04-23T06:13:05.000Z", "confidence": null, "between": null}, {"property": "/properties/height", "dataset": "Microsoft ML Buildings", "license": "ODbL-1.0", "record_id": null, "update_time": "2022-08-15T00:00:00.000Z", "confidence": null, "between": null}], "height": 4.258299827575684, "is_underground": false, "subtype": "residential", "class": "residential", "has_parts": false, "version": 2}}, {"id": "db8fb3f1-d79b-4fbc-ada5-b5646d5946c0", "type": "Feature", "geometry": {"type": "Polygon", "coordinates": [[[-76.2000437, 36.8489966], [-76.2000705, 36.8489971], [-76.2000695, 36.849029], [-76.2006043, 36.8490391], [-76.2006084, 36.8489019], [-76.2002919, 36.8488959], [-76.2002913, 36.8489174], [-76.2000725, 36.8489132], [-76.2000715, 36.8489464], [-76.2000452, 36.848946], [-76.2000437, 36.8489966]]]}, "properties": {"sources": [{"property": "", "dataset": "OpenStreetMap", "license": "ODbL-1.0", "record_id": "w406984372@2", "update_time": "2016-04-23T06:12:47.000Z", "confidence": null, "between": null}, {"property": "/properties/height", "dataset": "Microsoft ML Buildings", "license": "ODbL-1.0", "record_id": null, "update_time": "2022-08-15T00:00:00.000Z", "confidence": null, "between": null}], "height": 3.2110397815704346, "is_underground": false, "subtype": "commercial", "class": "commercial", "has_parts": false, "version": 2}}, {"id": "f62ef555-764b-4dcc-9525-a03a3150924f", "type": "Feature", "geometry": {"type": "Polygon", "coordinates": [[[-76.2005887, 36.8487298], [-76.2005907, 36.8486865], [-76.200534, 36.8486848], [-76.200532, 36.8487281], [-76.2005887, 36.8487298]]]}, "properties": {"sources": [{"property": "", "dataset": "OpenStreetMap", "license": "ODbL-1.0", "record_id": "w406984638@1", "update_time": "2016-04-01T15:11:14.000Z", "confidence": null, "between": null}], "is_underground": false, "has_parts": false, "version": 1}}, {"id": "723c030c-1a7a-429f-9ba0-b86d3e3b8093", "type": "Feature", "geometry": {"type": "Polygon", "coordinates": [[[-76.2004472, 36.8486359], [-76.2005312, 36.8486372], [-76.2005321, 36.848601], [-76.2005471, 36.8486013], [-76.2005489, 36.8485288], [-76.2005364, 36.8485286], [-76.2005373, 36.8484919], [-76.2004303, 36.8484902], [-76.2004284, 36.8485642], [-76.2003848, 36.8485635], [-76.2003837, 36.8486046], [-76.2004342, 36.8486054], [-76.2004343, 36.848602], [-76.200448, 36.8486022], [-76.2004472, 36.8486359]]]}, "properties": {"sources": [{"property": "", "dataset": "OpenStreetMap", "license": "ODbL-1.0", "record_id": "w406984323@2", "update_time": "2022-02-16T00:13:29.000Z", "confidence": null, "between": null}, {"property": "/properties/height", "dataset": "Microsoft ML Buildings", "license": "ODbL-1.0", "record_id": null, "update_time": "2022-08-15T00:00:00.000Z", "confidence": null, "between": null}], "height": 3.468064546585083, "is_underground": false, "subtype": "residential", "class": "residential", "has_parts": false, "version": 2}}, {"id": "f391bfdd-b71c-43c9-add0-0e12fe7e9ee9", "type": "Feature", "geometry": {"type": "Polygon", "coordinates": [[[-76.2010871, 36.8488774], [-76.2010852, 36.8488475], [-76.2008491, 36.8488569], [-76.200856, 36.8489683], [-76.2009996, 36.8489626], [-76.2009974, 36.8489286], [-76.2010274, 36.8489274], [-76.2010245, 36.8488799], [-76.2010871, 36.8488774]]]}, "properties": {"sources": [{"property": "", "dataset": "OpenStreetMap", "license": "ODbL-1.0", "record_id": "w406984370@2", "update_time": "2016-04-23T06:12:46.000Z", "confidence": null, "between": null}, {"property": "/properties/height", "dataset": "Microsoft ML Buildings", "license": "ODbL-1.0", "record_id": null, "update_time": "2022-08-15T00:00:00.000Z", "confidence": null, "between": null}], "height": 3.2247474193573, "is_underground": false, "subtype": "residential", "class": "residential", "has_parts": false, "version": 2}}, {"id": "61ae8bf5-2d35-4ab3-8ecd-32aea36673e8", "type": "Feature", "geometry": {"type": "Polygon", "coordinates": [[[-76.2009383, 36.8485763], [-76.2009244, 36.8485758], [-76.2009233, 36.8485956], [-76.2009391, 36.8485961], [-76.200938, 36.8486172], [-76.2009821, 36.8486187], [-76.20098, 36.8486587], [-76.2010556, 36.8486614], [-76.2010581, 36.8486144], [-76.2010877, 36.8486154], [-76.2010912, 36.8485504], [-76.2009399, 36.8485452], [-76.2009383, 36.8485763]]]}, "properties": {"sources": [{"property": "", "dataset": "OpenStreetMap", "license": "ODbL-1.0", "record_id": "w406984341@2", "update_time": "2016-04-23T06:12:45.000Z", "confidence": null, "between": null}], "is_underground": false, "subtype": "residential", "class": "residential", "has_parts": false, "version": 1}}, {"id": "dfe05f1a-768b-4153-b466-5d8a3508778e", "type": "Feature", "geometry": {"type": "Polygon", "coordinates": [[[-76.2012364, 36.8485479], [-76.2013024, 36.8485475], [-76.2013032, 36.8486202], [-76.2014022, 36.8486196], [-76.201401, 36.8484921], [-76.2012358, 36.8484931], [-76.2012364, 36.8485479]]]}, "properties": {"sources": [{"property": "", "dataset": "OpenStreetMap", "license": "ODbL-1.0", "record_id": "w406984339@2", "update_time": "2016-04-23T06:12:45.000Z", "confidence": null, "between": null}, {"property": "/properties/height", "dataset": "Microsoft ML Buildings", "license": "ODbL-1.0", "record_id": null, "update_time": "2022-08-15T00:00:00.000Z", "confidence": null, "between": null}], "height": 5.059410572052002, "is_underground": false, "subtype": "residential", "class": "residential", "has_parts": false, "version": 2}}, {"id": "f7743062-2f93-4703-8f44-45ed9766027b", "type": "Feature", "geometry": {"type": "Polygon", "coordinates": [[[-76.2012312, 36.8487867], [-76.2013842, 36.8487907], [-76.201385, 36.8487485], [-76.2014197, 36.8487496], [-76.2014207, 36.8487167], [-76.2013958, 36.8487158], [-76.2013972, 36.8486851], [-76.2013531, 36.8486835], [-76.2013528, 36.8486789], [-76.2012777, 36.848677], [-76.2012775, 36.8486827], [-76.2012299, 36.8486829], [-76.2012285, 36.848744], [-76.2012311, 36.8487441], [-76.2012312, 36.8487867]]]}, "properties": {"sources": [{"property": "", "dataset": "OpenStreetMap", "license": "ODbL-1.0", "record_id": "w406984354@1", "update_time": "2016-04-01T15:10:43.000Z", "confidence": null, "between": null}, {"property": "/properties/height", "dataset": "Microsoft ML Buildings", "license": "ODbL-1.0", "record_id": null, "update_time": "2022-08-15T00:00:00.000Z", "confidence": null, "between": null}], "height": 4.68019962310791, "is_underground": false, "subtype": "residential", "class": "residential", "has_parts": false, "version": 2}}, {"id": "45ac6428-69d0-431e-a145-3d5031d088d2", "type": "Feature", "geometry": {"type": "Polygon", "coordinates": [[[-76.2012147, 36.8489346], [-76.2013713, 36.8489381], [-76.2013724, 36.8489019], [-76.201389, 36.8489022], [-76.2013897, 36.8488784], [-76.2014129, 36.8488793], [-76.2014145, 36.8488464], [-76.2013979, 36.8488456], [-76.2013968, 36.8488227], [-76.2013742, 36.8488227], [-76.2013738, 36.848816], [-76.2012713, 36.8488126], [-76.2012709, 36.848824], [-76.2012288, 36.8488227], [-76.2012287, 36.8488652], [-76.2012139, 36.8488654], [-76.2012147, 36.8489346]]]}, "properties": {"sources": [{"property": "", "dataset": "OpenStreetMap", "license": "ODbL-1.0", "record_id": "w406984359@2", "update_time": "2016-04-23T06:12:46.000Z", "confidence": null, "between": null}, {"property": "/properties/height", "dataset": "Microsoft ML Buildings", "license": "ODbL-1.0", "record_id": null, "update_time": "2022-08-15T00:00:00.000Z", "confidence": null, "between": null}], "height": 4.986018180847168, "is_underground": false, "subtype": "residential", "class": "residential", "has_parts": false, "version": 2}}, {"id": "090ada36-6576-4c06-ae64-b61e3b8905e5", "type": "Feature", "geometry": {"type": "Polygon", "coordinates": [[[-76.2013402, 36.8490542], [-76.2013854, 36.8490557], [-76.2013867, 36.8490108], [-76.2014095, 36.8490112], [-76.20141, 36.8489706], [-76.2013881, 36.8489701], [-76.2013872, 36.8489677], [-76.201322, 36.8489647], [-76.2013223, 36.8489555], [-76.2012565, 36.8489531], [-76.2012535, 36.849051], [-76.2012898, 36.849052], [-76.2012904, 36.8490568], [-76.2013408, 36.8490587], [-76.2013402, 36.8490542]]]}, "properties": {"sources": [{"property": "", "dataset": "OpenStreetMap", "license": "ODbL-1.0", "record_id": "w406984369@1", "update_time": "2016-04-01T15:10:43.000Z", "confidence": null, "between": null}, {"property": "/properties/height", "dataset": "Microsoft ML Buildings", "license": "ODbL-1.0", "record_id": null, "update_time": "2022-08-15T00:00:00.000Z", "confidence": null, "between": null}], "height": 5.836465358734131, "is_underground": false, "subtype": "residential", "class": "residential", "has_parts": false, "version": 2}}, {"id": "27c2a60a-c5de-4019-bca0-085fd9853b3f", "type": "Feature", "geometry": {"type": "Polygon", "coordinates": [[[-76.2011442, 36.8490286], [-76.2011984, 36.849029], [-76.201202, 36.8489582], [-76.2011457, 36.8489553], [-76.2011442, 36.8490286]]]}, "properties": {"sources": [{"property": "", "dataset": "OpenStreetMap", "license": "ODbL-1.0", "record_id": "w406984636@1", "update_time": "2016-04-01T15:11:14.000Z", "confidence": null, "between": null}], "is_underground": false, "subtype": "residential", "class": "garage", "has_parts": false, "version": 1}}, {"id": "0320c73d-41fa-4591-85ff-e09076ce0a16", "type": "Feature", "geometry": {"type": "Polygon", "coordinates": [[[-76.2010677, 36.8490545], [-76.2010686, 36.8489954], [-76.201013, 36.8489948], [-76.2010121, 36.849054], [-76.2010677, 36.8490545]]]}, "properties": {"sources": [{"property": "", "dataset": "OpenStreetMap", "license": "ODbL-1.0", "record_id": "w406984699@2", "update_time": "2016-04-23T06:13:24.000Z", "confidence": null, "between": null}], "is_underground": false, "subtype": "residential", "class": "garage", "has_parts": false, "version": 1}}, {"id": "66ff07d3-c704-4666-8bdc-15fa74c27959", "type": "Feature", "geometry": {"type": "Polygon", "coordinates": [[[-76.2012686, 36.8492791], [-76.2012608, 36.8493823], [-76.2013592, 36.849387], [-76.2013606, 36.8493688], [-76.2013796, 36.8493698], [-76.2013814, 36.8493464], [-76.2013622, 36.8493455], [-76.2013668, 36.8492839], [-76.2012686, 36.8492791]]]}, "properties": {"sources": [{"property": "", "dataset": "OpenStreetMap", "license": "ODbL-1.0", "record_id": "w406984388@2", "update_time": "2016-04-23T06:12:47.000Z", "confidence": null, "between": null}, {"property": "/properties/height", "dataset": "Microsoft ML Buildings", "license": "ODbL-1.0", "record_id": null, "update_time": "2022-08-15T00:00:00.000Z", "confidence": null, "between": null}], "height": 4.333878040313721, "is_underground": false, "subtype": "residential", "class": "residential", "has_parts": false, "version": 2}}, {"id": "47e5d75f-921b-420f-82ea-4a3ef8296999", "type": "Feature", "geometry": {"type": "Polygon", "coordinates": [[[-76.2013461, 36.8497319], [-76.201317, 36.8496436], [-76.201139, 36.8496815], [-76.2011687, 36.8497715], [-76.2012027, 36.8497642], [-76.2011998, 36.8497555], [-76.2013075, 36.8497326], [-76.2013098, 36.8497396], [-76.2013461, 36.8497319]]]}, "properties": {"sources": [{"property": "", "dataset": "OpenStreetMap", "license": "ODbL-1.0", "record_id": "w406984394@2", "update_time": "2016-04-23T06:12:48.000Z", "confidence": null, "between": null}, {"property": "/properties/height", "dataset": "Microsoft ML Buildings", "license": "ODbL-1.0", "record_id": null, "update_time": "2022-08-15T00:00:00.000Z", "confidence": null, "between": null}], "height": 3.5410714149475098, "is_underground": false, "subtype": "residential", "class": "residential", "has_parts": false, "version": 2}}, {"id": "eaf1f5e5-55a9-41ef-af9d-3bff7fb0e07d", "type": "Feature", "geometry": {"type": "Polygon", "coordinates": [[[-76.2011261, 36.8496197], [-76.2012144, 36.8496206], [-76.2012158, 36.8495349], [-76.2011274, 36.849534], [-76.2011261, 36.8496197]]]}, "properties": {"sources": [{"property": "", "dataset": "OpenStreetMap", "license": "ODbL-1.0", "record_id": "w406984694@2", "update_time": "2016-04-23T06:13:22.000Z", "confidence": null, "between": null}], "is_underground": false, "subtype": "residential", "class": "garage", "has_parts": false, "version": 1}}, {"id": "db46b60f-e6cd-4093-97a5-34fa4d8a3cb9", "type": "Feature", "geometry": {"type": "Polygon", "coordinates": [[[-76.2008127, 36.8496616], [-76.2009215, 36.8496631], [-76.2009212, 36.8496766], [-76.2010203, 36.849678], [-76.2010224, 36.8495803], [-76.2008146, 36.8495774], [-76.2008127, 36.8496616]]]}, "properties": {"sources": [{"property": "", "dataset": "OpenStreetMap", "license": "ODbL-1.0", "record_id": "w406984396@2", "update_time": "2016-04-23T06:12:48.000Z", "confidence": null, "between": null}, {"property": "/properties/height", "dataset": "Microsoft ML Buildings", "license": "ODbL-1.0", "record_id": null, "update_time": "2022-08-15T00:00:00.000Z", "confidence": null, "between": null}], "height": 2.836549997329712, "is_underground": false, "subtype": "residential", "class": "residential", "has_parts": false, "version": 2}}, {"id": "811b6ace-4dac-4b0d-802d-b5f518758170", "type": "Feature", "geometry": {"type": "Polygon", "coordinates": [[[-76.2010928, 36.8494865], [-76.2010919, 36.8493886], [-76.2010476, 36.8493889], [-76.2010486, 36.8494868], [-76.2010928, 36.8494865]]]}, "properties": {"sources": [{"property": "", "dataset": "OpenStreetMap", "license": "ODbL-1.0", "record_id": "w406984615@2", "update_time": "2016-04-23T06:13:20.000Z", "confidence": null, "between": null}], "is_underground": false, "subtype": "residential", "class": "garage", "has_parts": false, "version": 1}}, {"id": "3b958f33-2925-4759-8a90-0c5d1ff625c5", "type": "Feature", "geometry": {"type": "Polygon", "coordinates": [[[-76.2009794, 36.8493704], [-76.2009795, 36.8493514], [-76.2008105, 36.8493512], [-76.2008103, 36.8494477], [-76.2008385, 36.8494477], [-76.2008385, 36.8494438], [-76.2009817, 36.849444], [-76.2009817, 36.8494246], [-76.2010167, 36.8494246], [-76.2010168, 36.8493704], [-76.2009794, 36.8493704]]]}, "properties": {"sources": [{"property": "", "dataset": "OpenStreetMap", "license": "ODbL-1.0", "record_id": "w406984389@2", "update_time": "2016-04-23T06:12:47.000Z", "confidence": null, "between": null}], "is_underground": false, "subtype": "residential", "class": "residential", "has_parts": false, "version": 1}}, {"id": "04f2811d-35ff-4267-a00f-a14ef5968afa", "type": "Feature", "geometry": {"type": "Polygon", "coordinates": [[[-76.2003855, 36.8493329], [-76.2003476, 36.8493318], [-76.2003455, 36.8493783], [-76.2003835, 36.8493794], [-76.2003855, 36.8493329]]]}, "properties": {"sources": [{"property": "", "dataset": "OpenStreetMap", "license": "ODbL-1.0", "record_id": "w406984651@1", "update_time": "2016-04-01T15:11:15.000Z", "confidence": null, "between": null}], "is_underground": false, "has_parts": false, "version": 1}}, {"id": "6d0d8b19-8af7-4644-b059-7a64d3fcd8df", "type": "Feature", "geometry": {"type": "Polygon", "coordinates": [[[-76.2002433, 36.8494749], [-76.2002443, 36.8494372], [-76.2001904, 36.8494362], [-76.2001894, 36.8494739], [-76.2002433, 36.8494749]]]}, "properties": {"sources": [{"property": "", "dataset": "OpenStreetMap", "license": "ODbL-1.0", "record_id": "w406984676@2", "update_time": "2016-04-23T06:13:20.000Z", "confidence": null, "between": null}], "is_underground": false, "has_parts": false, "version": 1}}, {"id": "384ffcc5-6391-4b43-a1bf-bf676baa1b29", "type": "Feature", "geometry": {"type": "Polygon", "coordinates": [[[-76.2003372, 36.8497065], [-76.2003343, 36.8498004], [-76.2005156, 36.849804], [-76.2005167, 36.8497696], [-76.2005338, 36.84977], [-76.2005347, 36.8497414], [-76.2005138, 36.849741], [-76.2005148, 36.84971], [-76.2003372, 36.8497065]]]}, "properties": {"sources": [{"property": "", "dataset": "OpenStreetMap", "license": "ODbL-1.0", "record_id": "w406984399@2", "update_time": "2016-04-23T06:12:48.000Z", "confidence": null, "between": null}, {"property": "/properties/height", "dataset": "Microsoft ML Buildings", "license": "ODbL-1.0", "record_id": null, "update_time": "2022-08-15T00:00:00.000Z", "confidence": null, "between": null}], "height": 2.8525495529174805, "is_underground": false, "subtype": "residential", "class": "residential", "has_parts": false, "version": 2}}, {"id": "70433949-7314-414b-b854-ca9cd9a05a28", "type": "Feature", "geometry": {"type": "Polygon", "coordinates": [[[-76.2005136, 36.8495764], [-76.2005141, 36.8495531], [-76.2004385, 36.8495521], [-76.200438, 36.8495753], [-76.2003416, 36.849574], [-76.2003396, 36.8496662], [-76.2005173, 36.8496687], [-76.200518, 36.8496358], [-76.2005315, 36.849636], [-76.2005321, 36.8496104], [-76.200516, 36.8496102], [-76.2005167, 36.8495765], [-76.2005136, 36.8495764]]]}, "properties": {"sources": [{"property": "", "dataset": "OpenStreetMap", "license": "ODbL-1.0", "record_id": "w406984393@2", "update_time": "2016-04-23T06:12:48.000Z", "confidence": null, "between": null}, {"property": "/properties/height", "dataset": "Microsoft ML Buildings", "license": "ODbL-1.0", "record_id": null, "update_time": "2022-08-15T00:00:00.000Z", "confidence": null, "between": null}], "height": 3.669978380203247, "is_underground": false, "subtype": "residential", "class": "residential", "has_parts": false, "version": 2}}, {"id": "a58c7d1d-804f-4613-9773-743745d00926", "type": "Feature", "geometry": {"type": "Polygon", "coordinates": [[[-76.200331, 36.849848], [-76.2003281, 36.8499418], [-76.2005089, 36.8499455], [-76.2005099, 36.8499118], [-76.2005253, 36.8499121], [-76.2005262, 36.8498841], [-76.2005082, 36.8498838], [-76.2005092, 36.8498515], [-76.200331, 36.849848]]]}, "properties": {"sources": [{"property": "", "dataset": "OpenStreetMap", "license": "ODbL-1.0", "record_id": "w406984406@2", "update_time": "2016-04-23T06:12:49.000Z", "confidence": null, "between": null}, {"property": "/properties/height", "dataset": "Microsoft ML Buildings", "license": "ODbL-1.0", "record_id": null, "update_time": "2022-08-15T00:00:00.000Z", "confidence": null, "between": null}], "height": 3.2778494358062744, "is_underground": false, "subtype": "residential", "class": "residential", "has_parts": false, "version": 2}}, {"id": "7407126f-0dc6-46c0-8e0c-483027efa34b", "type": "Feature", "geometry": {"type": "Polygon", "coordinates": [[[-76.2003165, 36.8499371], [-76.2003176, 36.849883], [-76.2002676, 36.8498824], [-76.2002665, 36.8499364], [-76.2003165, 36.8499371]]]}, "properties": {"sources": [{"property": "", "dataset": "OpenStreetMap", "license": "ODbL-1.0", "record_id": "w406984643@1", "update_time": "2016-04-01T15:11:14.000Z", "confidence": null, "between": null}], "is_underground": false, "has_parts": false, "version": 1}}, {"id": "4927a2a5-a771-474e-944a-09cf9d662b76", "type": "Feature", "geometry": {"type": "Polygon", "coordinates": [[[-76.2005071, 36.8499829], [-76.2003198, 36.8499779], [-76.2003162, 36.8500653], [-76.200392, 36.8500673], [-76.2003915, 36.8500785], [-76.2004332, 36.8500796], [-76.2004337, 36.8500676], [-76.2005035, 36.8500695], [-76.2005071, 36.8499829]]]}, "properties": {"sources": [{"property": "", "dataset": "OpenStreetMap", "license": "ODbL-1.0", "record_id": "w406984410@2", "update_time": "2016-04-23T06:12:49.000Z", "confidence": null, "between": null}, {"property": "/properties/height", "dataset": "Microsoft ML Buildings", "license": "ODbL-1.0", "record_id": null, "update_time": "2022-08-15T00:00:00.000Z", "confidence": null, "between": null}], "height": 3.600623369216919, "is_underground": false, "subtype": "residential", "class": "residential", "has_parts": false, "version": 2}}, {"id": "0610bcdb-f383-40f1-9311-838c0dbfbd5a", "type": "Feature", "geometry": {"type": "Polygon", "coordinates": [[[-76.200915, 36.8498128], [-76.2008073, 36.8498105], [-76.2008045, 36.8498935], [-76.2010087, 36.8498979], [-76.2010084, 36.8499072], [-76.2010429, 36.849908], [-76.2010437, 36.8498842], [-76.2010133, 36.8498836], [-76.201016, 36.8498031], [-76.2009154, 36.8498009], [-76.200915, 36.8498128]]]}, "properties": {"sources": [{"property": "", "dataset": "OpenStreetMap", "license": "ODbL-1.0", "record_id": "w406984403@2", "update_time": "2016-04-23T06:12:49.000Z", "confidence": null, "between": null}, {"property": "/properties/height", "dataset": "Microsoft ML Buildings", "license": "ODbL-1.0", "record_id": null, "update_time": "2022-08-15T00:00:00.000Z", "confidence": null, "between": null}], "height": 2.9206106662750244, "is_underground": false, "subtype": "residential", "class": "residential", "has_parts": false, "version": 2}}, {"id": "363b129b-d041-4d24-99d1-98b52fd0d346", "type": "Feature", "geometry": {"type": "Polygon", "coordinates": [[[-76.2004513, 36.8507358], [-76.2001962, 36.850831], [-76.2003126, 36.8510316], [-76.2007853, 36.8508565], [-76.2007573, 36.8508065], [-76.2007749, 36.8508001], [-76.200716, 36.8506998], [-76.2006991, 36.850706], [-76.2006716, 36.8506564], [-76.2008068, 36.850605], [-76.2006323, 36.8502979], [-76.2004276, 36.850376], [-76.2005822, 36.8506496], [-76.2005713, 36.8506755], [-76.2004448, 36.8507202], [-76.2004513, 36.8507358]]]}, "properties": {"sources": [{"property": "", "dataset": "OpenStreetMap", "license": "ODbL-1.0", "record_id": "w406984561@2", "update_time": "2016-04-23T06:13:05.000Z", "confidence": null, "between": null}, {"property": "/properties/height", "dataset": "Microsoft ML Buildings", "license": "ODbL-1.0", "record_id": null, "update_time": "2022-08-15T00:00:00.000Z", "confidence": null, "between": null}], "height": 5.7074761390686035, "is_underground": false, "subtype": "commercial", "class": "commercial", "has_parts": false, "version": 2}}, {"id": "e16a97a5-dba9-4966-bc83-13ae00678d2a", "type": "Feature", "geometry": {"type": "Polygon", "coordinates": [[[-76.1996256, 36.8502439], [-76.1995383, 36.8502403], [-76.1995322, 36.8503361], [-76.1995805, 36.8503382], [-76.1995794, 36.8503563], [-76.1996177, 36.8503579], [-76.1996191, 36.8503369], [-76.1996265, 36.8503372], [-76.1996283, 36.8503098], [-76.1996214, 36.8503095], [-76.1996256, 36.8502439]]]}, "properties": {"sources": [{"property": "", "dataset": "OpenStreetMap", "license": "ODbL-1.0", "record_id": "w406984414@2", "update_time": "2016-04-23T06:12:50.000Z", "confidence": null, "between": null}, {"property": "/properties/height", "dataset": "Microsoft ML Buildings", "license": "ODbL-1.0", "record_id": null, "update_time": "2022-08-15T00:00:00.000Z", "confidence": null, "between": null}], "height": 4.193996429443359, "is_underground": false, "subtype": "residential", "class": "residential", "has_parts": false, "version": 2}}, {"id": "22c00933-c439-4e7d-aa46-3a09fa487819", "type": "Feature", "geometry": {"type": "Polygon", "coordinates": [[[-76.1997877, 36.8509642], [-76.1996281, 36.8507637], [-76.1995337, 36.8508122], [-76.1996933, 36.8510127], [-76.1997877, 36.8509642]]]}, "properties": {"names": {"primary": "Costco Gas", "common": null, "rules": null}, "sources": [{"property": "", "dataset": "OpenStreetMap", "license": "ODbL-1.0", "record_id": "w406984586@4", "update_time": "2025-06-11T18:40:09.000Z", "confidence": null, "between": null}, {"property": "/properties/height", "dataset": "Microsoft ML Buildings", "license": "ODbL-1.0", "record_id": null, "update_time": "2022-08-15T00:00:00.000Z", "confidence": null, "between": null}], "level": 1, "height": 4.64805793762207, "is_underground": false, "subtype": "outbuilding", "class": "roof", "has_parts": false, "version": 2}}, {"id": "9db7bb38-7a79-4f11-822f-5d3c4057d346", "type": "Feature", "geometry": {"type": "Polygon", "coordinates": [[[-76.1991176, 36.8505221], [-76.1991034, 36.8505218], [-76.1991026, 36.8505414], [-76.1991168, 36.8505418], [-76.1991157, 36.8505695], [-76.1992465, 36.850573], [-76.1992467, 36.8505678], [-76.1992707, 36.8505684], [-76.1992733, 36.8505036], [-76.1992507, 36.850503], [-76.1992508, 36.8504996], [-76.1991187, 36.8504961], [-76.1991176, 36.8505221]]]}, "properties": {"sources": [{"property": "", "dataset": "OpenStreetMap", "license": "ODbL-1.0", "record_id": "w406984581@2", "update_time": "2016-04-23T06:13:10.000Z", "confidence": null, "between": null}, {"property": "/properties/height", "dataset": "Microsoft ML Buildings", "license": "ODbL-1.0", "record_id": null, "update_time": "2022-08-15T00:00:00.000Z", "confidence": null, "between": null}], "height": 4.2293524742126465, "is_underground": false, "subtype": "residential", "class": "residential", "has_parts": false, "version": 2}}, {"id": "2c5f8dc5-5d57-490a-92b1-fb750cf0a3c8", "type": "Feature", "geometry": {"type": "Polygon", "coordinates": [[[-76.1990971, 36.8504061], [-76.1990953, 36.8504812], [-76.1992842, 36.850484], [-76.199286, 36.8504089], [-76.1990971, 36.8504061]]]}, "properties": {"sources": [{"property": "", "dataset": "Microsoft ML Buildings", "license": "ODbL-1.0", "record_id": null, "update_time": "2022-08-15T00:00:00.000Z", "confidence": null, "between": null}], "height": 5.7555646896362305, "is_underground": false, "has_parts": false, "version": 3}}, {"id": "ca4105b0-3ea0-49e1-84fc-c60fb7121ed1", "type": "Feature", "geometry": {"type": "Polygon", "coordinates": [[[-76.1992182, 36.8503392], [-76.1992214, 36.8502269], [-76.1991259, 36.8502251], [-76.1991226, 36.8503374], [-76.1992182, 36.8503392]]]}, "properties": {"sources": [{"property": "", "dataset": "OpenStreetMap", "license": "ODbL-1.0", "record_id": "w406984415@2", "update_time": "2016-04-23T06:12:50.000Z", "confidence": null, "between": null}, {"property": "/properties/height", "dataset": "Microsoft ML Buildings", "license": "ODbL-1.0", "record_id": null, "update_time": "2022-08-15T00:00:00.000Z", "confidence": null, "between": null}], "height": 4.346688270568848, "is_underground": false, "subtype": "residential", "class": "residential", "has_parts": false, "version": 2}}, {"id": "65f783ba-657a-4dd8-bdc8-99f44629b998", "type": "Feature", "geometry": {"type": "Polygon", "coordinates": [[[-76.1993159, 36.849995], [-76.1993179, 36.84988], [-76.1991618, 36.8498766], [-76.1991637, 36.849924], [-76.1991566, 36.8499241], [-76.1991594, 36.8499922], [-76.1993159, 36.849995]]]}, "properties": {"sources": [{"property": "", "dataset": "OpenStreetMap", "license": "ODbL-1.0", "record_id": "w406984408@1", "update_time": "2016-04-01T15:10:47.000Z", "confidence": null, "between": null}, {"property": "/properties/height", "dataset": "Microsoft ML Buildings", "license": "ODbL-1.0", "record_id": null, "update_time": "2022-08-15T00:00:00.000Z", "confidence": null, "between": null}], "height": 4.582594871520996, "is_underground": false, "subtype": "residential", "class": "residential", "has_parts": false, "version": 2}}, {"id": "9a1d81a5-2ac3-4459-8b5b-8c6861d1f5dd", "type": "Feature", "geometry": {"type": "Polygon", "coordinates": [[[-76.1993203, 36.8498551], [-76.1993226, 36.8497425], [-76.1992168, 36.8497396], [-76.1992158, 36.8497622], [-76.1991921, 36.8497615], [-76.1991909, 36.8497889], [-76.1991429, 36.8497876], [-76.1991402, 36.8498501], [-76.1993203, 36.8498551]]]}, "properties": {"sources": [{"property": "", "dataset": "OpenStreetMap", "license": "ODbL-1.0", "record_id": "w406984405@2", "update_time": "2016-04-23T06:12:49.000Z", "confidence": null, "between": null}, {"property": "/properties/height", "dataset": "Microsoft ML Buildings", "license": "ODbL-1.0", "record_id": null, "update_time": "2022-08-15T00:00:00.000Z", "confidence": null, "between": null}], "height": 5.618165016174316, "is_underground": false, "subtype": "residential", "class": "residential", "has_parts": false, "version": 2}}, {"id": "26d24e49-110f-4d65-800b-a904c50a625e", "type": "Feature", "geometry": {"type": "Polygon", "coordinates": [[[-76.1992299, 36.8500759], [-76.1991327, 36.8500728], [-76.1991282, 36.8501626], [-76.1992254, 36.8501657], [-76.1992299, 36.8500759]]]}, "properties": {"sources": [{"property": "", "dataset": "OpenStreetMap", "license": "ODbL-1.0", "record_id": "w406984412@2", "update_time": "2016-04-23T06:12:50.000Z", "confidence": null, "between": null}, {"property": "/properties/height", "dataset": "Microsoft ML Buildings", "license": "ODbL-1.0", "record_id": null, "update_time": "2022-08-15T00:00:00.000Z", "confidence": null, "between": null}], "height": 4.343825817108154, "is_underground": false, "subtype": "residential", "class": "residential", "has_parts": false, "version": 2}}, {"id": "8343ab76-a88a-4be6-9c3f-7b3c9bdebf38", "type": "Feature", "geometry": {"type": "Polygon", "coordinates": [[[-76.1996508, 36.8500068], [-76.1995146, 36.8500026], [-76.1995082, 36.850137], [-76.1996443, 36.8501412], [-76.1996508, 36.8500068]]]}, "properties": {"sources": [{"property": "", "dataset": "OpenStreetMap", "license": "ODbL-1.0", "record_id": "w406984409@2", "update_time": "2016-04-23T06:12:49.000Z", "confidence": null, "between": null}, {"property": "/properties/height", "dataset": "Microsoft ML Buildings", "license": "ODbL-1.0", "record_id": null, "update_time": "2022-08-15T00:00:00.000Z", "confidence": null, "between": null}], "height": 3.2970969676971436, "is_underground": false, "subtype": "residential", "class": "residential", "has_parts": false, "version": 2}}, {"id": "134cd675-7dc6-43a3-bacb-4f667c5c0b5a", "type": "Feature", "geometry": {"type": "Polygon", "coordinates": [[[-76.2001585, 36.8501427], [-76.2001621, 36.8500502], [-76.1999807, 36.8500457], [-76.1999794, 36.850078], [-76.1999669, 36.8500777], [-76.1999657, 36.8501092], [-76.1999791, 36.8501096], [-76.199978, 36.8501382], [-76.2001585, 36.8501427]]]}, "properties": {"sources": [{"property": "", "dataset": "OpenStreetMap", "license": "ODbL-1.0", "record_id": "w406984411@2", "update_time": "2016-04-23T06:12:50.000Z", "confidence": null, "between": null}, {"property": "/properties/height", "dataset": "Microsoft ML Buildings", "license": "ODbL-1.0", "record_id": null, "update_time": "2022-08-15T00:00:00.000Z", "confidence": null, "between": null}], "height": 3.90786075592041, "is_underground": false, "subtype": "residential", "class": "residential", "has_parts": false, "version": 2}}, {"id": "dd2ef43d-5955-41d9-9ff1-daab6cf8b31e", "type": "Feature", "geometry": {"type": "Polygon", "coordinates": [[[-76.1999691, 36.8499682], [-76.1999852, 36.8499684], [-76.1999848, 36.8500003], [-76.2001633, 36.8500017], [-76.2001644, 36.8499083], [-76.1999846, 36.8499069], [-76.1999842, 36.8499367], [-76.1999695, 36.8499366], [-76.1999691, 36.8499682]]]}, "properties": {"sources": [{"property": "", "dataset": "OpenStreetMap", "license": "ODbL-1.0", "record_id": "w406984407@2", "update_time": "2016-04-23T06:12:49.000Z", "confidence": null, "between": null}, {"property": "/properties/height", "dataset": "Microsoft ML Buildings", "license": "ODbL-1.0", "record_id": null, "update_time": "2022-08-15T00:00:00.000Z", "confidence": null, "between": null}], "height": 3.781585931777954, "is_underground": false, "subtype": "residential", "class": "residential", "has_parts": false, "version": 2}}, {"id": "a2459e15-f819-453c-aa24-602249b7f66c", "type": "Feature", "geometry": {"type": "Polygon", "coordinates": [[[-76.1999882, 36.8498344], [-76.1999872, 36.8498663], [-76.2001648, 36.84987], [-76.2001678, 36.8497754], [-76.1999891, 36.8497718], [-76.199988, 36.8498061], [-76.199974, 36.8498058], [-76.1999731, 36.8498341], [-76.1999882, 36.8498344]]]}, "properties": {"sources": [{"property": "", "dataset": "OpenStreetMap", "license": "ODbL-1.0", "record_id": "w406984401@2", "update_time": "2016-04-23T06:12:49.000Z", "confidence": null, "between": null}, {"property": "/properties/height", "dataset": "Microsoft ML Buildings", "license": "ODbL-1.0", "record_id": null, "update_time": "2022-08-15T00:00:00.000Z", "confidence": null, "between": null}], "height": 3.158773422241211, "is_underground": false, "subtype": "residential", "class": "residential", "has_parts": false, "version": 2}}, {"id": "0ae88a12-c6f2-4172-aeb7-559803c85986", "type": "Feature", "geometry": {"type": "Polygon", "coordinates": [[[-76.1996577, 36.8498009], [-76.1995196, 36.8497978], [-76.1995148, 36.8499327], [-76.1996529, 36.8499358], [-76.1996577, 36.8498009]]]}, "properties": {"sources": [{"property": "", "dataset": "OpenStreetMap", "license": "ODbL-1.0", "record_id": "w406984404@2", "update_time": "2016-04-23T06:12:49.000Z", "confidence": null, "between": null}, {"property": "/properties/height", "dataset": "Microsoft ML Buildings", "license": "ODbL-1.0", "record_id": null, "update_time": "2022-08-15T00:00:00.000Z", "confidence": null, "between": null}], "height": 3.733497142791748, "is_underground": false, "subtype": "residential", "class": "residential", "has_parts": false, "version": 2}}, {"id": "5837b735-ab04-47ca-b65a-d07cdfd2bcdb", "type": "Feature", "geometry": {"type": "Polygon", "coordinates": [[[-76.1996448, 36.8496916], [-76.199645, 36.8496525], [-76.1995338, 36.8496522], [-76.1995335, 36.849729], [-76.199653, 36.8497293], [-76.1996531, 36.8496916], [-76.1996448, 36.8496916]]]}, "properties": {"sources": [{"property": "", "dataset": "OpenStreetMap", "license": "ODbL-1.0", "record_id": "w406984397@2", "update_time": "2016-04-23T06:12:48.000Z", "confidence": null, "between": null}, {"property": "/properties/height", "dataset": "Microsoft ML Buildings", "license": "ODbL-1.0", "record_id": null, "update_time": "2022-08-15T00:00:00.000Z", "confidence": null, "between": null}], "height": 4.358882904052734, "is_underground": false, "subtype": "residential", "class": "residential", "has_parts": false, "version": 2}}, {"id": "b360cbbd-6431-4340-8cb9-0861da966920", "type": "Feature", "geometry": {"type": "Polygon", "coordinates": [[[-76.199975, 36.8496965], [-76.1999907, 36.8496968], [-76.1999899, 36.8497235], [-76.2001681, 36.849727], [-76.2001709, 36.8496349], [-76.1999937, 36.8496315], [-76.1999928, 36.8496618], [-76.199976, 36.8496614], [-76.199975, 36.8496965]]]}, "properties": {"sources": [{"property": "", "dataset": "OpenStreetMap", "license": "ODbL-1.0", "record_id": "w406984395@2", "update_time": "2016-04-23T06:12:48.000Z", "confidence": null, "between": null}, {"property": "/properties/height", "dataset": "Microsoft ML Buildings", "license": "ODbL-1.0", "record_id": null, "update_time": "2022-08-15T00:00:00.000Z", "confidence": null, "between": null}], "height": 3.2003896236419678, "is_underground": false, "subtype": "residential", "class": "residential", "has_parts": false, "version": 2}}, {"id": "0d7f3219-3ddf-4070-9262-0884d13837aa", "type": "Feature", "geometry": {"type": "Polygon", "coordinates": [[[-76.2000097, 36.8494924], [-76.199979, 36.8494911], [-76.1999751, 36.849552], [-76.2000043, 36.8495532], [-76.2000046, 36.849549], [-76.2000999, 36.849553], [-76.2001057, 36.8494254], [-76.200015, 36.8494222], [-76.2000097, 36.8494924]]]}, "properties": {"sources": [{"property": "", "dataset": "OpenStreetMap", "license": "ODbL-1.0", "record_id": "w406984391@2", "update_time": "2016-04-23T06:12:48.000Z", "confidence": null, "between": null}, {"property": "/properties/height", "dataset": "Microsoft ML Buildings", "license": "ODbL-1.0", "record_id": null, "update_time": "2022-08-15T00:00:00.000Z", "confidence": null, "between": null}], "height": 3.3458549976348877, "is_underground": false, "subtype": "residential", "class": "residential", "has_parts": false, "version": 2}}, {"id": "c90719c7-c248-4f8a-874f-2d1850401b07", "type": "Feature", "geometry": {"type": "Polygon", "coordinates": [[[-76.1995842, 36.849465], [-76.1996662, 36.8494656], [-76.1996668, 36.8494112], [-76.1996866, 36.8494114], [-76.1996873, 36.84935], [-76.199539, 36.8493489], [-76.1995379, 36.8494464], [-76.1995844, 36.8494468], [-76.1995842, 36.849465]]]}, "properties": {"sources": [{"property": "", "dataset": "OpenStreetMap", "license": "ODbL-1.0", "record_id": "w1031864052@1", "update_time": "2022-02-16T00:13:29.000Z", "confidence": null, "between": null}, {"property": "/properties/height", "dataset": "Microsoft ML Buildings", "license": "ODbL-1.0", "record_id": null, "update_time": "2022-08-15T00:00:00.000Z", "confidence": null, "between": null}], "height": 4.661591053009033, "is_underground": false, "subtype": "residential", "class": "residential", "has_parts": false, "version": 2}}, {"id": "05df3121-354e-4e2b-8136-bb8379d410b9", "type": "Feature", "geometry": {"type": "Polygon", "coordinates": [[[-76.1996593, 36.8495926], [-76.1996623, 36.8494826], [-76.1994925, 36.8494796], [-76.1994894, 36.8495896], [-76.1996593, 36.8495926]]]}, "properties": {"sources": [{"property": "", "dataset": "OpenStreetMap", "license": "ODbL-1.0", "record_id": "w406984390@2", "update_time": "2016-04-23T06:12:47.000Z", "confidence": null, "between": null}, {"property": "/properties/height", "dataset": "Microsoft ML Buildings", "license": "ODbL-1.0", "record_id": null, "update_time": "2022-08-15T00:00:00.000Z", "confidence": null, "between": null}], "height": 4.098082542419434, "is_underground": false, "subtype": "residential", "class": "residential", "has_parts": false, "version": 2}}, {"id": "67ccb643-8f0c-4460-a2b4-788cdd7ae936", "type": "Feature", "geometry": {"type": "Polygon", "coordinates": [[[-76.1992019, 36.8494568], [-76.1992805, 36.8494583], [-76.1992836, 36.8493421], [-76.1991529, 36.8493398], [-76.1991535, 36.8494169], [-76.1992023, 36.8494172], [-76.1992019, 36.8494568]]]}, "properties": {"sources": [{"property": "", "dataset": "OpenStreetMap", "license": "ODbL-1.0", "record_id": "w1031864050@1", "update_time": "2022-02-16T00:13:29.000Z", "confidence": null, "between": null}, {"property": "/properties/height", "dataset": "Microsoft ML Buildings", "license": "ODbL-1.0", "record_id": null, "update_time": "2022-08-15T00:00:00.000Z", "confidence": null, "between": null}], "height": 4.268303394317627, "is_underground": false, "subtype": "residential", "class": "residential", "has_parts": false, "version": 2}}, {"id": "8fc399bc-915d-4d7a-af89-0cdc3cab9921", "type": "Feature", "geometry": {"type": "Polygon", "coordinates": [[[-76.1992352, 36.8494892], [-76.1991394, 36.8494863], [-76.1991354, 36.8495725], [-76.1992603, 36.8495762], [-76.1992615, 36.8495514], [-76.1992324, 36.8495505], [-76.1992352, 36.8494892]]]}, "properties": {"sources": [{"property": "", "dataset": "OpenStreetMap", "license": "ODbL-1.0", "record_id": "w406984392@2", "update_time": "2016-04-23T06:12:48.000Z", "confidence": null, "between": null}], "is_underground": false, "subtype": "residential", "class": "residential", "has_parts": false, "version": 1}}, {"id": "12374c4a-49e6-4a6f-b5cb-e10d94a0c8d1", "type": "Feature", "geometry": {"type": "Polygon", "coordinates": [[[-76.1992416, 36.8496087], [-76.1991419, 36.8496061], [-76.1991382, 36.8496945], [-76.1992746, 36.8496982], [-76.1992765, 36.84965], [-76.1992399, 36.8496491], [-76.1992416, 36.8496087]]]}, "properties": {"sources": [{"property": "", "dataset": "OpenStreetMap", "license": "ODbL-1.0", "record_id": "w406984398@2", "update_time": "2016-04-23T06:12:48.000Z", "confidence": null, "between": null}], "is_underground": false, "subtype": "residential", "class": "residential", "has_parts": false, "version": 1}}, {"id": "96cceae8-c113-4de8-a0fa-6a8dae9a753d", "type": "Feature", "geometry": {"type": "Polygon", "coordinates": [[[-76.1987042, 36.8486927], [-76.1988306, 36.8486962], [-76.1988387, 36.8485088], [-76.1987102, 36.8485052], [-76.1987079, 36.8485599], [-76.1986661, 36.8485587], [-76.1986622, 36.8486488], [-76.1987061, 36.84865], [-76.1987042, 36.8486927]]]}, "properties": {"sources": [{"property": "", "dataset": "OpenStreetMap", "license": "ODbL-1.0", "record_id": "w406984349@2", "update_time": "2016-04-23T06:12:46.000Z", "confidence": null, "between": null}, {"property": "/properties/height", "dataset": "Microsoft ML Buildings", "license": "ODbL-1.0", "record_id": null, "update_time": "2022-08-15T00:00:00.000Z", "confidence": null, "between": null}], "height": 4.534178256988525, "is_underground": false, "subtype": "residential", "class": "residential", "has_parts": false, "version": 2}}, {"id": "9449c041-68fe-4cfe-8b45-68420855453c", "type": "Feature", "geometry": {"type": "Polygon", "coordinates": [[[-76.1986633, 36.8484644], [-76.1988071, 36.8484672], [-76.1988114, 36.8483562], [-76.1986711, 36.8483537], [-76.1986684, 36.848393], [-76.1986373, 36.8483923], [-76.1986359, 36.8484376], [-76.1986641, 36.848437], [-76.1986633, 36.8484644]]]}, "properties": {"sources": [{"property": "", "dataset": "OpenStreetMap", "license": "ODbL-1.0", "record_id": "w406984310@1", "update_time": "2016-04-01T15:10:40.000Z", "confidence": null, "between": null}, {"property": "/properties/height", "dataset": "Microsoft ML Buildings", "license": "ODbL-1.0", "record_id": null, "update_time": "2022-08-15T00:00:00.000Z", "confidence": null, "between": null}], "height": 5.8266801834106445, "is_underground": false, "subtype": "residential", "class": "residential", "has_parts": false, "version": 2}}, {"id": "874871e4-2cba-4e7c-ba62-75b69593d7de", "type": "Feature", "geometry": {"type": "Polygon", "coordinates": [[[-76.1986386, 36.8481077], [-76.198686, 36.8481081], [-76.1986944, 36.8480148], [-76.1986001, 36.8480093], [-76.198592, 36.848099], [-76.1986386, 36.8481077]]]}, "properties": {"sources": [{"property": "", "dataset": "OpenStreetMap", "license": "ODbL-1.0", "record_id": "w406984689@2", "update_time": "2016-04-23T06:13:25.000Z", "confidence": null, "between": null}, {"property": "/properties/height", "dataset": "Microsoft ML Buildings", "license": "ODbL-1.0", "record_id": null, "update_time": "2022-08-15T00:00:00.000Z", "confidence": null, "between": null}], "height": 4.07692289352417, "is_underground": false, "subtype": "residential", "class": "garage", "has_parts": false, "version": 2}}, {"id": "4d7aa612-0417-4f3b-be7a-b4f14fc69818", "type": "Feature", "geometry": {"type": "Polygon", "coordinates": [[[-76.1987284, 36.847718], [-76.1986888, 36.8477185], [-76.1986898, 36.8477795], [-76.198728, 36.8477791], [-76.1987245, 36.8477846], [-76.1988767, 36.847783], [-76.1988764, 36.8477545], [-76.1988758, 36.8477036], [-76.1987817, 36.8477046], [-76.1987821, 36.8477255], [-76.1987285, 36.847726], [-76.1987284, 36.847718]]]}, "properties": {"sources": [{"property": "", "dataset": "OpenStreetMap", "license": "ODbL-1.0", "record_id": "w406984254@2", "update_time": "2016-04-23T06:13:36.000Z", "confidence": null, "between": null}, {"property": "/properties/height", "dataset": "Microsoft ML Buildings", "license": "ODbL-1.0", "record_id": null, "update_time": "2022-08-15T00:00:00.000Z", "confidence": null, "between": null}], "height": 4.677419185638428, "is_underground": false, "subtype": "residential", "class": "residential", "has_parts": false, "version": 2}}, {"id": "9586536a-3a5b-40e5-bb10-fa11abc9313b", "type": "Feature", "geometry": {"type": "Polygon", "coordinates": [[[-76.2084063, 36.8475685], [-76.2081535, 36.8475631], [-76.2081473, 36.8477511], [-76.208712, 36.8477631], [-76.2087184, 36.8475708], [-76.2085284, 36.8475667], [-76.2085302, 36.8475127], [-76.2084082, 36.8475101], [-76.2084063, 36.8475685]]]}, "properties": {"sources": [{"property": "", "dataset": "OpenStreetMap", "license": "ODbL-1.0", "record_id": "w406984418@2", "update_time": "2016-04-23T06:12:50.000Z", "confidence": null, "between": null}, {"property": "/properties/height", "dataset": "Microsoft ML Buildings", "license": "ODbL-1.0", "record_id": null, "update_time": "2022-08-15T00:00:00.000Z", "confidence": null, "between": null}], "height": 5.338348388671875, "is_underground": false, "subtype": "commercial", "class": "commercial", "has_parts": false, "version": 2}}], "_provenance": {"source": "Overture Maps Foundation, buildings theme (release download via the `overturemaps` CLI)", "underlying_sources": "OpenStreetMap contributors (ODbL-1.0) and Microsoft ML Buildings, per each feature's own `properties.sources`", "license": "ODbL-1.0", "fetched_at": "2026-07-18T16:00:08.689606Z", "bbox_wgs84": [-76.21153890000001, 36.8477508, -76.19861209999999, 36.8567132], "purpose": "Surrounding-context massing for vibe-render's clean_baseline isometric/glb scene ONLY -- not used by any pattern operator or the simulation pipeline itself. Buildings overlapping MILITARY_CIRCLE_ASSEMBLED are excluded at render time (see render.py's context-building filter) since the site's own generated buildings replace them.", "filtered": "buildings intersecting MILITARY_CIRCLE_ASSEMBLED's own polygon excluded at prep time (18 dropped of 279) -- render.py needs no polygon-intersection logic of its own, the committed file is already 'surrounding context only'."}}